timestamp,ue_id,cell_id,throughput_mbps,offered_load_mbps,latency_ms,jitter_ms,packet_loss_pct,prb_utilization_pct,sinr_db,rsrp_dbm,rsrq_db,ue_count,ue_speed_mps,ue_position_x,ue_position_y,source,quality_missing_fields,quality_imputed_fields,quality_out_of_range_fields
2026-09-28 12:14:09.760309+00:00,ue-0,cell-0,2.456,2.456,2.564,0.0,0.0,53.0179,47.060254,-62.831237,-10.791816,6,2.961099,38.988115,10.587623,NS3_5G_LENA,,,
2026-09-28 12:14:09.760309+00:00,ue-1,cell-0,2.456,2.456,2.589,0.191,0.0,53.0179,20.424655,-107.547182,-10.884593,6,4.039258,-70.560036,68.684333,NS3_5G_LENA,,,
2026-09-28 12:14:09.760309+00:00,ue-2,cell-0,2.456,2.456,2.421,0.0,0.0,53.0179,51.286188,-84.154188,-10.792242,6,1.339407,-61.556018,-20.130679,NS3_5G_LENA,,,
2026-09-28 12:14:09.760309+00:00,ue-3,cell-0,2.35776,2.456,2.427,0.155,0.0,53.0179,26.586485,-98.694673,-10.804009,6,2.893231,53.548321,11.070518,NS3_5G_LENA,,,
2026-09-28 12:14:09.760309+00:00,ue-4,cell-0,2.456,2.456,2.5500000000000003,0.389,0.0,53.0179,25.760007,-91.534586,-10.794161,6,1.371391,27.436247,11.256268,NS3_5G_LENA,,,
2026-09-28 12:14:09.760309+00:00,ue-5,cell-0,2.456,2.456,2.2070000000000003,0.0,0.0,53.0179,43.07697,-95.927417,-10.798266,6,8.352884,-84.365585,12.636524,NS3_5G_LENA,,,
2026-09-28 12:14:09.860309+00:00,ue-0,cell-0,2.456,2.456,2.564,0.0,0.0,51.9169,48.066256,-62.831237,-10.791816,6,2.961099,39.142797,10.84012,NS3_5G_LENA,,,
2026-09-28 12:14:09.860309+00:00,ue-1,cell-0,2.456,2.456,2.581,0.177,0.0,51.9169,20.631461,-107.547182,-10.884593,6,4.039258,-70.299779,68.375428,NS3_5G_LENA,,,
2026-09-28 12:14:09.860309+00:00,ue-2,cell-0,2.456,2.456,2.421,0.0,0.0,51.9169,51.154993,-84.154188,-10.792242,6,1.339407,-61.441853,-20.060631,NS3_5G_LENA,,,
2026-09-28 12:14:09.860309+00:00,ue-3,cell-0,2.55424,2.456,2.6220000000000003,0.544,0.0,51.9169,27.158696,-98.694673,-10.804009,6,2.893231,53.419914,11.329785,NS3_5G_LENA,,,
2026-09-28 12:14:09.860309+00:00,ue-4,cell-0,2.456,2.456,2.6470000000000002,0.737,0.0,51.9169,26.278867,-91.534586,-10.794161,6,1.371391,27.301867,11.228898,NS3_5G_LENA,,,
2026-09-28 12:14:09.860309+00:00,ue-5,cell-0,2.456,2.456,2.2070000000000003,0.0,0.0,51.9169,40.9885,-95.927417,-10.798266,6,8.352884,-84.914926,13.265754,NS3_5G_LENA,,,
2026-09-28 12:14:09.960309+00:00,ue-0,cell-0,2.456,2.456,2.564,0.0,0.0,53.24680000000001,50.125081,-62.827648,-10.791816,6,2.961099,39.297479,11.092616,NS3_5G_LENA,,,
2026-09-28 12:14:09.960309+00:00,ue-1,cell-0,2.456,2.456,2.521,0.043000000000000003,0.0,53.24680000000001,19.125464,-107.275463,-10.879022,6,4.039258,-70.039522,68.066523,NS3_5G_LENA,,,
2026-09-28 12:14:09.960309+00:00,ue-2,cell-0,2.456,2.456,2.421,0.0,0.0,53.24680000000001,51.868233,-84.139383,-10.79224,6,1.339407,-61.327689,-19.990584,NS3_5G_LENA,,,
2026-09-28 12:14:09.960309+00:00,ue-3,cell-0,2.456,2.456,2.539,0.377,0.0,53.24680000000001,26.000197,-99.704083,-10.807195,6,2.893231,53.291507,11.589052,NS3_5G_LENA,,,
2026-09-28 12:14:09.960309+00:00,ue-4,cell-0,2.35776,2.456,2.4810000000000003,0.304,0.0,53.24680000000001,26.712251,-91.072622,-10.793924,6,1.371391,27.167487,11.201527,NS3_5G_LENA,,,
2026-09-28 12:14:09.960309+00:00,ue-5,cell-0,2.456,2.456,2.2070000000000003,0.0,0.0,53.24680000000001,39.95552,-98.339482,-10.803053,6,8.352884,-85.464267,13.894984,NS3_5G_LENA,,,
2026-09-28 12:14:10.060309+00:00,ue-0,cell-0,2.456,2.456,2.564,0.0,0.0,52.589,50.112146,-62.827648,-10.791816,6,2.961099,39.452161,11.345113,NS3_5G_LENA,,,
2026-09-28 12:14:10.060309+00:00,ue-1,cell-0,2.456,2.456,2.727,0.36900000000000005,0.0,52.589,19.185326,-107.275463,-10.879022,6,4.039258,-69.779264,67.757618,NS3_5G_LENA,,,
2026-09-28 12:14:10.060309+00:00,ue-2,cell-0,2.456,2.456,2.421,0.0,0.0,52.589,52.117274,-84.139383,-10.79224,6,1.339407,-61.213525,-19.920537,NS3_5G_LENA,,,
2026-09-28 12:14:10.060309+00:00,ue-3,cell-0,2.456,2.456,2.424,0.149,0.0,52.589,24.703007,-99.704083,-10.807195,6,2.893231,53.1631,11.848319,NS3_5G_LENA,,,
2026-09-28 12:14:10.060309+00:00,ue-4,cell-0,2.55424,2.456,2.372,0.093,0.0,52.589,26.5856,-91.072622,-10.793924,6,1.371391,27.033106,11.174157,NS3_5G_LENA,,,
2026-09-28 12:14:10.060309+00:00,ue-5,cell-0,2.456,2.456,2.2070000000000003,0.0,0.0,52.589,40.11822,-98.339482,-10.803053,6,8.352884,-86.013609,14.524214,NS3_5G_LENA,,,
2026-09-28 12:14:10.160309+00:00,ue-0,cell-0,2.456,2.456,2.564,0.0,0.0,53.1605,50.671416,-63.205261,-10.791816,6,2.961099,39.606843,11.597609,NS3_5G_LENA,,,
2026-09-28 12:14:10.160309+00:00,ue-1,cell-0,2.35776,2.456,2.6069999999999998,0.214,0.0,53.1605,18.557155,-108.229085,-10.900172,6,4.039258,-69.519007,67.448714,NS3_5G_LENA,,,
2026-09-28 12:14:10.160309+00:00,ue-2,cell-0,2.456,2.456,2.421,0.0,0.0,53.1605,51.881852,-83.45093,-10.792178,6,1.339407,-61.09936,-19.85049,NS3_5G_LENA,,,
2026-09-28 12:14:10.160309+00:00,ue-3,cell-0,2.456,2.456,2.593,0.486,0.0,53.1605,26.447489,-100.18458,-10.808991,6,2.893231,53.034693,12.107586,NS3_5G_LENA,,,
2026-09-28 12:14:10.160309+00:00,ue-4,cell-0,2.456,2.456,2.356,0.154,0.0,53.1605,25.946216,-90.855836,-10.793821,6,1.371391,26.898726,11.146786,NS3_5G_LENA,,,
2026-09-28 12:14:10.160309+00:00,ue-5,cell-0,2.456,2.456,2.2070000000000003,0.0,0.0,53.1605,37.271474,-99.537096,-10.806616,6,8.352884,-86.56295,15.153445,NS3_5G_LENA,,,
2026-09-28 12:14:10.260309+00:00,ue-0,cell-0,2.456,2.456,2.564,0.0,0.0,53.3026,52.182211,-63.205261,-10.791816,6,2.961099,39.761525,11.850106,NS3_5G_LENA,,,
2026-09-28 12:14:10.260309+00:00,ue-1,cell-0,2.55424,2.456,2.983,0.713,0.0,53.3026,18.727567,-108.229085,-10.900172,6,4.039258,-69.25875,67.139809,NS3_5G_LENA,,,
2026-09-28 12:14:10.260309+00:00,ue-2,cell-0,2.456,2.456,2.421,0.0,0.0,53.3026,52.12777,-83.45093,-10.792178,6,1.339407,-60.985196,-19.780442,NS3_5G_LENA,,,
2026-09-28 12:14:10.260309+00:00,ue-3,cell-0,2.35776,2.456,2.645,0.589,0.0,53.3026,24.538605,-100.18458,-10.808991,6,2.893231,52.906286,12.366854,NS3_5G_LENA,,,
2026-09-28 12:14:10.260309+00:00,ue-4,cell-0,2.456,2.456,2.5500000000000003,0.5429999999999999,0.0,53.3026,26.991224,-90.855836,-10.793821,6,1.371391,26.764346,11.119416,NS3_5G_LENA,,,
2026-09-28 12:14:10.260309+00:00,ue-5,cell-0,2.456,2.456,2.2070000000000003,0.0,0.0,53.3026,37.972431,-99.537096,-10.806616,6,8.352884,-87.112292,15.782675,NS3_5G_LENA,,,
2026-09-28 12:14:10.360309+00:00,ue-0,cell-0,2.456,2.456,2.564,0.0,0.0,53.12,53.356418,-63.476506,-10.791816,6,2.961099,39.916208,12.102602,NS3_5G_LENA,,,
2026-09-28 12:14:10.360309+00:00,ue-1,cell-0,2.456,2.456,2.6710000000000003,0.321,0.0,53.12,19.948899,-108.468197,-10.906225,6,4.039258,-68.998493,66.830904,NS3_5G_LENA,,,
2026-09-28 12:14:10.360309+00:00,ue-2,cell-0,2.456,2.456,2.421,0.0,0.0,53.12,51.630375,-83.313253,-10.792166,6,1.339407,-60.871032,-19.710395,NS3_5G_LENA,,,
2026-09-28 12:14:10.360309+00:00,ue-3,cell-0,2.55424,2.456,2.713,0.725,0.0,53.12,25.932331,-100.041789,-10.808436,6,2.893231,52.777879,12.626121,NS3_5G_LENA,,,
2026-09-28 12:14:10.360309+00:00,ue-4,cell-0,2.456,2.456,2.5100000000000002,0.309,0.0,53.12,27.332781,-90.70085,-10.793751,6,1.371391,26.629966,11.092045,NS3_5G_LENA,,,
2026-09-28 12:14:10.360309+00:00,ue-5,cell-0,2.456,2.456,2.2070000000000003,0.0,0.0,53.12,36.607379,-100.964881,-10.812364,6,8.352884,-87.661633,16.411905,NS3_5G_LENA,,,
2026-09-28 12:14:10.460309+00:00,ue-0,cell-0,2.456,2.456,2.564,0.0,0.0,51.9868,54.734415,-63.476506,-10.791816,6,2.961099,40.07089,12.355099,NS3_5G_LENA,,,
2026-09-28 12:14:10.460309+00:00,ue-1,cell-0,2.456,2.456,2.493,0.0,0.0,51.9868,20.192992,-108.468197,-10.906225,6,4.039258,-68.738235,66.521999,NS3_5G_LENA,,,
2026-09-28 12:14:10.460309+00:00,ue-2,cell-0,2.456,2.456,2.421,0.0,0.0,51.9868,51.637595,-83.313253,-10.792166,6,1.339407,-60.756867,-19.640348,NS3_5G_LENA,,,
2026-09-28 12:14:10.460309+00:00,ue-3,cell-0,2.456,2.456,2.519,0.337,0.0,51.9868,28.151057,-100.041789,-10.808436,6,2.893231,52.649472,12.885388,NS3_5G_LENA,,,
2026-09-28 12:14:10.460309+00:00,ue-4,cell-0,2.456,2.456,2.2790000000000004,0.0,0.0,51.9868,27.339032,-90.70085,-10.793751,6,1.371391,26.495586,11.064675,NS3_5G_LENA,,,
2026-09-28 12:14:10.460309+00:00,ue-5,cell-0,2.456,2.456,2.2070000000000003,0.0,0.0,51.9868,36.769125,-100.964881,-10.812364,6,8.352884,-88.210975,17.041135,NS3_5G_LENA,,,
2026-09-28 12:14:10.560309+00:00,ue-0,cell-0,2.456,2.456,2.564,0.0,0.0,52.92210000000001,54.200902,-62.49076,-10.791815,6,2.961099,40.225572,12.607595,NS3_5G_LENA,,,
2026-09-28 12:14:10.560309+00:00,ue-1,cell-0,2.456,2.456,2.67,0.354,0.0,52.92210000000001,20.453866,-107.399246,-10.881518,6,4.039258,-68.477978,66.213094,NS3_5G_LENA,,,
2026-09-28 12:14:10.560309+00:00,ue-2,cell-0,2.456,2.456,2.421,0.0,0.0,52.92210000000001,51.999604,-83.428043,-10.792176,6,1.339407,-60.642703,-19.570301,NS3_5G_LENA,,,
2026-09-28 12:14:10.560309+00:00,ue-3,cell-0,2.456,2.456,2.613,0.526,0.0,52.92210000000001,23.880548,-99.200259,-10.805513,6,2.893231,52.521065,13.144655,NS3_5G_LENA,,,
2026-09-28 12:14:10.560309+00:00,ue-4,cell-0,2.456,2.456,2.376,0.194,0.0,52.92210000000001,27.400261,-90.036586,-10.793476,6,1.371391,26.361206,11.037304,NS3_5G_LENA,,,
2026-09-28 12:14:10.560309+00:00,ue-5,cell-0,2.456,2.456,2.2070000000000003,0.0,0.0,52.92210000000001,35.080504,-101.614192,-10.815669,6,8.352884,-88.760316,17.670366,NS3_5G_LENA,,,
2026-09-28 12:14:10.660309+00:00,ue-0,cell-0,2.456,2.456,2.564,0.0,0.0,51.935500000000005,55.246163,-62.49076,-10.791815,6,2.961099,40.380254,12.860092,NS3_5G_LENA,,,
2026-09-28 12:14:10.660309+00:00,ue-1,cell-0,2.456,2.456,2.63,0.257,0.0,51.935500000000005,20.108726,-107.399246,-10.881518,6,4.039258,-68.217721,65.904189,NS3_5G_LENA,,,
2026-09-28 12:14:10.660309+00:00,ue-2,cell-0,2.456,2.456,2.421,0.0,0.0,51.935500000000005,51.719498,-83.428043,-10.792176,6,1.339407,-60.528539,-19.500253,NS3_5G_LENA,,,
2026-09-28 12:14:10.660309+00:00,ue-3,cell-0,2.456,2.456,2.821,0.754,0.0,51.935500000000005,25.905382,-99.200259,-10.805513,6,2.893231,52.392658,13.403923,NS3_5G_LENA,,,
2026-09-28 12:14:10.660309+00:00,ue-4,cell-0,2.456,2.456,2.2790000000000004,0.0,0.0,51.935500000000005,26.842383,-90.036586,-10.793476,6,1.371391,26.226826,11.009934,NS3_5G_LENA,,,
2026-09-28 12:14:10.660309+00:00,ue-5,cell-0,2.456,2.456,2.2070000000000003,0.0,0.0,51.935500000000005,36.064361,-101.614192,-10.815669,6,8.352884,-89.309657,18.299596,NS3_5G_LENA,,,
2026-09-28 12:14:10.760309+00:00,ue-0,cell-0,2.456,2.456,2.564,0.0,0.0,52.92210000000001,54.308698,-63.056889,-10.791816,6,2.961099,40.534936,13.112588,NS3_5G_LENA,,,
2026-09-28 12:14:10.760309+00:00,ue-1,cell-0,2.456,2.456,2.493,0.0,0.0,52.92210000000001,20.115119,-107.303649,-10.879584,6,4.039258,-67.957463,65.595284,NS3_5G_LENA,,,
2026-09-28 12:14:10.760309+00:00,ue-2,cell-0,2.456,2.456,2.421,0.0,0.0,52.92210000000001,52.444467,-83.212602,-10.792158,6,1.339407,-60.414375,-19.430206,NS3_5G_LENA,,,
2026-09-28 12:14:10.760309+00:00,ue-3,cell-0,2.456,2.456,2.727,0.754,0.0,52.92210000000001,26.913034,-100.028409,-10.808385,6,2.893231,52.264251,13.66319,NS3_5G_LENA,,,
2026-09-28 12:14:10.760309+00:00,ue-4,cell-0,2.456,2.456,2.2790000000000004,0.0,0.0,52.92210000000001,26.595349,-90.371335,-10.793609,6,1.371391,26.092446,10.982564,NS3_5G_LENA,,,
2026-09-28 12:14:10.760309+00:00,ue-5,cell-0,2.456,2.456,2.2070000000000003,0.0,0.0,52.92210000000001,37.275439,-100.613279,-10.810769,6,8.352884,-89.858999,18.928826,NS3_5G_LENA,,,
2026-09-28 12:14:10.860309+00:00,ue-0,cell-0,2.456,2.456,2.564,0.0,0.0,51.9481,52.186244,-63.056889,-10.791816,6,2.961099,40.689618,13.365085,NS3_5G_LENA,,,
2026-09-28 12:14:10.860309+00:00,ue-1,cell-0,2.456,2.456,2.581,0.177,0.0,51.9481,20.186617,-107.303649,-10.879584,6,4.039258,-67.697206,65.28638,NS3_5G_LENA,,,
2026-09-28 12:14:10.860309+00:00,ue-2,cell-0,2.456,2.456,2.421,0.0,0.0,51.9481,51.715574,-83.212602,-10.792158,6,1.339407,-60.30021,-19.360159,NS3_5G_LENA,,,
2026-09-28 12:14:10.860309+00:00,ue-3,cell-0,2.456,2.456,2.539,0.377,0.0,51.9481,24.699968,-100.028409,-10.808385,6,2.893231,52.135844,13.922457,NS3_5G_LENA,,,
2026-09-28 12:14:10.860309+00:00,ue-4,cell-0,2.456,2.456,2.453,0.194,0.0,51.9481,27.096935,-90.371335,-10.793609,6,1.371391,25.958066,10.955193,NS3_5G_LENA,,,
2026-09-28 12:14:10.860309+00:00,ue-5,cell-0,2.456,2.456,2.2070000000000003,0.0,0.0,51.9481,38.339153,-100.613279,-10.810769,6,8.352884,-90.40834,19.558056,NS3_5G_LENA,,,
2026-09-28 12:14:10.960309+00:00,ue-0,cell-0,2.456,2.456,2.564,0.0,0.0,53.2051,52.39067,-65.761632,-10.791819,6,2.961099,40.8443,13.617582,NS3_5G_LENA,,,
2026-09-28 12:14:10.960309+00:00,ue-1,cell-0,2.456,2.456,2.61,0.191,0.0,53.2051,19.524438,-107.647872,-10.886746,6,4.039258,-67.436949,64.977475,NS3_5G_LENA,,,
2026-09-28 12:14:10.960309+00:00,ue-2,cell-0,2.456,2.456,2.421,0.0,0.0,53.2051,52.109806,-83.286272,-10.792164,6,1.339407,-60.186046,-19.290112,NS3_5G_LENA,,,
2026-09-28 12:14:10.960309+00:00,ue-3,cell-0,2.456,2.456,2.7070000000000003,0.714,0.0,53.2051,28.957305,-99.304749,-10.805846,6,2.893231,52.007437,14.181724,NS3_5G_LENA,,,
2026-09-28 12:14:10.960309+00:00,ue-4,cell-0,2.456,2.456,2.433,0.309,0.0,53.2051,27.063538,-90.346563,-10.793599,6,1.371391,25.823686,10.927823,NS3_5G_LENA,,,
2026-09-28 12:14:10.960309+00:00,ue-5,cell-0,2.456,2.456,2.2070000000000003,0.0,0.0,53.2051,37.154061,-98.449838,-10.803342,6,8.352884,-90.957682,20.187287,NS3_5G_LENA,,,
2026-09-28 12:14:11.060309+00:00,ue-0,cell-0,2.456,2.456,2.564,0.0,0.0,51.967200000000005,53.005865,-65.761632,-10.791819,6,2.961099,40.998983,13.870078,NS3_5G_LENA,,,
2026-09-28 12:14:11.060309+00:00,ue-1,cell-0,2.456,2.456,2.493,0.0,0.0,51.967200000000005,19.555376,-107.647872,-10.886746,6,4.039258,-67.176692,64.66857,NS3_5G_LENA,,,
2026-09-28 12:14:11.060309+00:00,ue-2,cell-0,2.456,2.456,2.421,0.0,0.0,51.967200000000005,53.009868,-83.286272,-10.792164,6,1.339407,-60.071882,-19.220065,NS3_5G_LENA,,,
2026-09-28 12:14:11.060309+00:00,ue-3,cell-0,2.456,2.456,2.539,0.377,0.0,51.967200000000005,27.321319,-99.304749,-10.805846,6,2.893231,51.87903,14.440991,NS3_5G_LENA,,,
2026-09-28 12:14:11.060309+00:00,ue-4,cell-0,2.456,2.456,2.376,0.194,0.0,51.967200000000005,26.48305,-90.346563,-10.793599,6,1.371391,25.689306,10.900452,NS3_5G_LENA,,,
2026-09-28 12:14:11.060309+00:00,ue-5,cell-0,2.456,2.456,2.2070000000000003,0.0,0.0,51.967200000000005,38.278574,-98.449838,-10.803342,6,8.352884,-91.507023,20.816517,NS3_5G_LENA,,,
2026-09-28 12:14:11.160309+00:00,ue-0,cell-0,2.456,2.456,2.564,0.0,0.0,53.114799999999995,54.491806,-66.458847,-10.79182,6,2.961099,41.153665,14.122575,NS3_5G_LENA,,,
2026-09-28 12:14:11.160309+00:00,ue-1,cell-0,2.456,2.456,2.507,0.014,0.0,53.114799999999995,19.583517,-107.804019,-10.890182,6,4.039258,-66.916434,64.359665,NS3_5G_LENA,,,
2026-09-28 12:14:11.160309+00:00,ue-2,cell-0,2.456,2.456,2.421,0.0,0.0,53.114799999999995,52.852643,-82.244842,-10.792089,6,1.339407,-59.957717,-19.150017,NS3_5G_LENA,,,
2026-09-28 12:14:11.160309+00:00,ue-3,cell-0,2.456,2.456,2.35,0.0,0.0,53.114799999999995,28.558283,-98.225528,-10.802762,6,2.893231,51.750623,14.700259,NS3_5G_LENA,,,
2026-09-28 12:14:11.160309+00:00,ue-4,cell-0,2.456,2.456,2.5500000000000003,0.34900000000000003,0.0,53.114799999999995,26.947692,-90.242953,-10.793557,6,1.371391,25.554926,10.873082,NS3_5G_LENA,,,
2026-09-28 12:14:11.160309+00:00,ue-5,cell-0,2.456,2.456,2.2070000000000003,0.0,0.0,53.114799999999995,36.31582,-97.753751,-10.801636,6,8.352884,-92.056364,21.445747,NS3_5G_LENA,,,
2026-09-28 12:14:11.260309+00:00,ue-0,cell-0,2.456,2.456,2.564,0.0,0.0,52.0259,54.96451,-66.458847,-10.79182,6,2.961099,41.308347,14.375071,NS3_5G_LENA,,,
2026-09-28 12:14:11.260309+00:00,ue-1,cell-0,2.456,2.456,2.746,0.491,0.0,52.0259,21.739775,-107.804019,-10.890182,6,4.039258,-66.656177,64.05076,NS3_5G_LENA,,,
2026-09-28 12:14:11.260309+00:00,ue-2,cell-0,2.456,2.456,2.421,0.0,0.0,52.0259,52.990681,-82.244842,-10.792089,6,1.339407,-59.843553,-19.07997,NS3_5G_LENA,,,
2026-09-28 12:14:11.260309+00:00,ue-3,cell-0,2.456,2.456,2.444,0.189,0.0,52.0259,29.013512,-98.225528,-10.802762,6,2.893231,51.622216,14.959526,NS3_5G_LENA,,,
2026-09-28 12:14:11.260309+00:00,ue-4,cell-0,2.456,2.456,2.473,0.194,0.0,52.0259,27.657253,-90.242953,-10.793557,6,1.371391,25.420546,10.845711,NS3_5G_LENA,,,
2026-09-28 12:14:11.260309+00:00,ue-5,cell-0,2.456,2.456,2.2070000000000003,0.0,0.0,52.0259,35.297684,-97.753751,-10.801636,6,8.352884,-92.605706,22.074977,NS3_5G_LENA,,,
2026-09-28 12:14:11.360309+00:00,ue-0,cell-0,2.456,2.456,2.564,0.0,0.0,52.9508,57.249583,-64.096009,-10.791817,6,2.961099,41.463029,14.627568,NS3_5G_LENA,,,
2026-09-28 12:14:11.360309+00:00,ue-1,cell-0,2.456,2.456,2.67,0.354,0.0,52.9508,22.51289,-106.03042,-10.857449,6,4.039258,-66.39592,63.741855,NS3_5G_LENA,,,
2026-09-28 12:14:11.360309+00:00,ue-2,cell-0,2.456,2.456,2.421,0.0,0.0,52.9508,52.521382,-82.420412,-10.7921,6,1.339407,-59.729389,-19.009923,NS3_5G_LENA,,,
2026-09-28 12:14:11.360309+00:00,ue-3,cell-0,2.35776,2.456,2.448,0.196,0.0,52.9508,26.464339,-97.791442,-10.801722,6,2.893231,51.493809,15.218793,NS3_5G_LENA,,,
2026-09-28 12:14:11.360309+00:00,ue-4,cell-0,2.456,2.456,2.356,0.154,0.0,52.9508,27.273794,-89.777532,-10.793379,6,1.371391,25.286166,10.818341,NS3_5G_LENA,,,
2026-09-28 12:14:11.360309+00:00,ue-5,cell-0,2.456,2.456,2.2070000000000003,0.0,0.0,52.9508,35.31198,-98.615009,-10.803788,6,8.352884,-93.155047,22.704207,NS3_5G_LENA,,,
2026-09-28 12:14:11.460309+00:00,ue-0,cell-0,2.456,2.456,2.564,0.0,0.0,51.967200000000005,57.069182,-64.096009,-10.791817,6,2.961099,41.617711,14.880064,NS3_5G_LENA,,,
2026-09-28 12:14:11.460309+00:00,ue-1,cell-0,2.456,2.456,2.561,0.13699999999999998,0.0,51.967200000000005,22.788677,-106.03042,-10.857449,6,4.039258,-66.135662,63.432951,NS3_5G_LENA,,,
2026-09-28 12:14:11.460309+00:00,ue-2,cell-0,2.456,2.456,2.421,0.0,0.0,51.967200000000005,51.475787,-82.420412,-10.7921,6,1.339407,-59.615224,-18.939876,NS3_5G_LENA,,,
2026-09-28 12:14:11.460309+00:00,ue-3,cell-0,2.55424,2.456,2.512,0.324,0.0,51.967200000000005,30.417076,-97.791442,-10.801722,6,2.893231,51.365402,15.47806,NS3_5G_LENA,,,
2026-09-28 12:14:11.460309+00:00,ue-4,cell-0,2.456,2.456,2.376,0.194,0.0,51.967200000000005,26.890185,-89.777532,-10.793379,6,1.371391,25.151786,10.79097,NS3_5G_LENA,,,
2026-09-28 12:14:11.460309+00:00,ue-5,cell-0,2.456,2.456,2.2070000000000003,0.0,0.0,51.967200000000005,33.277323,-98.615009,-10.803788,6,8.352884,-93.704389,23.333438,NS3_5G_LENA,,,
2026-09-28 12:14:11.560309+00:00,ue-0,cell-0,2.456,2.456,2.564,0.0,0.0,52.960499999999996,58.608467,-62.531133,-10.791815,6,2.961099,41.772393,15.132561,NS3_5G_LENA,,,
2026-09-28 12:14:11.560309+00:00,ue-1,cell-0,2.456,2.456,2.493,0.0,0.0,52.960499999999996,24.257998,-104.677838,-10.839981,6,4.039258,-65.875405,63.124046,NS3_5G_LENA,,,
2026-09-28 12:14:11.560309+00:00,ue-2,cell-0,2.456,2.456,2.421,0.0,0.0,52.960499999999996,51.613416,-83.463823,-10.792179,6,1.339407,-59.50106,-18.869828,NS3_5G_LENA,,,
2026-09-28 12:14:11.560309+00:00,ue-3,cell-0,2.456,2.456,2.444,0.189,0.0,52.960499999999996,28.555564,-97.614188,-10.801326,6,2.893231,51.236995,15.737327,NS3_5G_LENA,,,
2026-09-28 12:14:11.560309+00:00,ue-4,cell-0,2.35776,2.456,2.561,0.244,0.0,52.960499999999996,26.471133,-89.744563,-10.793368,6,1.371391,25.017405,10.7636,NS3_5G_LENA,,,
2026-09-28 12:14:11.560309+00:00,ue-5,cell-0,2.456,2.456,2.2070000000000003,0.0,0.0,52.960499999999996,33.362162,-98.981475,-10.804841,6,8.352884,-94.25373,23.962668,NS3_5G_LENA,,,
2026-09-28 12:14:11.660309+00:00,ue-0,cell-0,2.456,2.456,2.564,0.0,0.0,51.9544,57.900856,-62.531133,-10.791815,6,2.961099,41.927075,15.385057,NS3_5G_LENA,,,
2026-09-28 12:14:11.660309+00:00,ue-1,cell-0,2.456,2.456,2.67,0.354,0.0,51.9544,24.490647,-104.677838,-10.839981,6,4.039258,-65.615148,62.815141,NS3_5G_LENA,,,
2026-09-28 12:14:11.660309+00:00,ue-2,cell-0,2.456,2.456,2.421,0.0,0.0,51.9544,51.466101,-83.463823,-10.792179,6,1.339407,-59.386896,-18.799781,NS3_5G_LENA,,,
2026-09-28 12:14:11.660309+00:00,ue-3,cell-0,2.456,2.456,2.35,0.0,0.0,51.9544,29.26657,-97.614188,-10.801326,6,2.893231,51.108588,15.996595,NS3_5G_LENA,,,
2026-09-28 12:14:11.660309+00:00,ue-4,cell-0,2.55424,2.456,2.5010000000000003,0.44499999999999995,0.0,51.9544,26.766847,-89.744563,-10.793368,6,1.371391,24.883025,10.73623,NS3_5G_LENA,,,
2026-09-28 12:14:11.660309+00:00,ue-5,cell-0,2.456,2.456,2.2070000000000003,0.0,0.0,51.9544,32.858589,-98.981475,-10.804841,6,8.352884,-94.803072,24.591898,NS3_5G_LENA,,,
2026-09-28 12:14:11.760309+00:00,ue-0,cell-0,2.456,2.456,2.564,0.0,0.0,52.960499999999996,58.432541,-62.46106,-10.791815,6,2.961099,42.081758,15.637554,NS3_5G_LENA,,,
2026-09-28 12:14:11.760309+00:00,ue-1,cell-0,2.456,2.456,2.67,0.354,0.0,52.960499999999996,24.58423,-103.205328,-10.826184,6,4.039258,-65.354891,62.506236,NS3_5G_LENA,,,
2026-09-28 12:14:11.760309+00:00,ue-2,cell-0,2.456,2.456,2.421,0.0,0.0,52.960499999999996,51.14527,-83.670518,-10.792197,6,1.339407,-59.272731,-18.729734,NS3_5G_LENA,,,
2026-09-28 12:14:11.760309+00:00,ue-3,cell-0,2.456,2.456,2.35,0.0,0.0,52.960499999999996,30.116212,-97.575618,-10.801242,6,2.893231,50.980181,16.255862,NS3_5G_LENA,,,
2026-09-28 12:14:11.760309+00:00,ue-4,cell-0,2.456,2.456,2.2790000000000004,0.0,0.0,52.960499999999996,27.257242,-89.880994,-10.793417,6,1.371391,24.748645,10.708859,NS3_5G_LENA,,,
2026-09-28 12:14:11.760309+00:00,ue-5,cell-0,2.456,2.456,2.2070000000000003,0.0,0.0,52.960499999999996,32.844765,-98.728989,-10.804106,6,8.352884,-95.352413,25.221128,NS3_5G_LENA,,,
2026-09-28 12:14:11.860309+00:00,ue-0,cell-0,2.456,2.456,2.564,0.0,0.0,51.935500000000005,58.730243,-62.46106,-10.791815,6,2.961099,42.23644,15.89005,NS3_5G_LENA,,,
2026-09-28 12:14:11.860309+00:00,ue-1,cell-0,2.35776,2.456,2.933,0.8809999999999999,0.0,51.935500000000005,24.788966,-103.205328,-10.826184,6,4.039258,-65.094633,62.197331,NS3_5G_LENA,,,
2026-09-28 12:14:11.860309+00:00,ue-2,cell-0,2.456,2.456,2.421,0.0,0.0,51.935500000000005,51.451202,-83.670518,-10.792197,6,1.339407,-59.158567,-18.659687,NS3_5G_LENA,,,
2026-09-28 12:14:11.860309+00:00,ue-3,cell-0,2.456,2.456,2.35,0.0,0.0,51.935500000000005,28.988757,-97.575618,-10.801242,6,2.893231,50.851774,16.515129,NS3_5G_LENA,,,
2026-09-28 12:14:11.860309+00:00,ue-4,cell-0,2.456,2.456,2.376,0.194,0.0,51.935500000000005,27.487206,-89.880994,-10.793417,6,1.371391,24.614265,10.681489,NS3_5G_LENA,,,
2026-09-28 12:14:11.860309+00:00,ue-5,cell-0,2.456,2.456,2.2070000000000003,0.0,0.0,51.935500000000005,31.268694,-98.728989,-10.804106,6,8.352884,-95.901754,25.850359,NS3_5G_LENA,,,
2026-09-28 12:14:11.960309+00:00,ue-0,cell-0,2.456,2.456,2.564,0.0,0.0,52.92210000000001,59.09548,-62.26061,-10.791815,6,2.961099,42.391122,16.142547,NS3_5G_LENA,,,
2026-09-28 12:14:11.960309+00:00,ue-1,cell-0,2.55424,2.456,2.9650000000000003,0.945,0.0,52.92210000000001,24.058807,-102.987129,-10.824506,6,4.039258,-64.834376,61.888426,NS3_5G_LENA,,,
2026-09-28 12:14:11.960309+00:00,ue-2,cell-0,2.456,2.456,2.421,0.0,0.0,52.92210000000001,51.433903,-83.527288,-10.792184,6,1.339407,-59.044403,-18.589639,NS3_5G_LENA,,,
2026-09-28 12:14:11.960309+00:00,ue-3,cell-0,2.456,2.456,2.35,0.0,0.0,52.92210000000001,29.505582,-97.464023,-10.801003,6,2.893231,50.723367,16.774396,NS3_5G_LENA,,,
2026-09-28 12:14:11.960309+00:00,ue-4,cell-0,2.456,2.456,2.2790000000000004,0.0,0.0,52.92210000000001,26.898343,-89.326661,-10.793225,6,1.371391,24.479885,10.654118,NS3_5G_LENA,,,
2026-09-28 12:14:11.960309+00:00,ue-5,cell-0,2.456,2.456,2.2070000000000003,0.0,0.0,52.92210000000001,32.068615,-98.535128,-10.80357,6,8.352884,-96.451096,26.479589,NS3_5G_LENA,,,
2026-09-28 12:14:12.060309+00:00,ue-0,cell-0,2.456,2.456,2.564,0.0,0.0,51.9737,58.562148,-62.26061,-10.791815,6,2.961099,42.545804,16.395044,NS3_5G_LENA,,,
2026-09-28 12:14:12.060309+00:00,ue-1,cell-0,2.456,2.456,2.581,0.177,0.0,51.9737,22.312225,-102.987129,-10.824506,6,4.039258,-64.574119,61.579522,NS3_5G_LENA,,,
2026-09-28 12:14:12.060309+00:00,ue-2,cell-0,2.456,2.456,2.421,0.0,0.0,51.9737,51.421604,-83.527288,-10.792184,6,1.339407,-58.930239,-18.519592,NS3_5G_LENA,,,
2026-09-28 12:14:12.060309+00:00,ue-3,cell-0,2.456,2.456,2.35,0.0,0.0,51.9737,30.348798,-97.464023,-10.801003,6,2.893231,50.59496,17.033664,NS3_5G_LENA,,,
2026-09-28 12:14:12.060309+00:00,ue-4,cell-0,2.456,2.456,2.433,0.154,0.0,51.9737,26.305612,-89.326661,-10.793225,6,1.371391,24.345505,10.626748,NS3_5G_LENA,,,
2026-09-28 12:14:12.060309+00:00,ue-5,cell-0,2.456,2.456,2.2070000000000003,0.0,0.0,51.9737,30.504061,-98.535128,-10.80357,6,8.352884,-97.000437,27.108819,NS3_5G_LENA,,,
2026-09-28 12:14:12.160309+00:00,ue-0,cell-0,2.456,2.456,2.564,0.0,0.0,52.9412,58.230494,-61.876509,-10.791815,6,2.961099,42.700486,16.64754,NS3_5G_LENA,,,
2026-09-28 12:14:12.160309+00:00,ue-1,cell-0,2.456,2.456,2.67,0.354,0.0,52.9412,23.663258,-105.011264,-10.843801,6,4.039258,-64.313861,61.270617,NS3_5G_LENA,,,
2026-09-28 12:14:12.160309+00:00,ue-2,cell-0,2.456,2.456,2.421,0.0,0.0,52.9412,51.44175,-83.528878,-10.792184,6,1.339407,-58.816074,-18.449545,NS3_5G_LENA,,,
2026-09-28 12:14:12.160309+00:00,ue-3,cell-0,2.456,2.456,2.35,0.0,0.0,52.9412,30.889259,-96.83924,-10.799772,6,2.893231,50.466553,17.292931,NS3_5G_LENA,,,
2026-09-28 12:14:12.160309+00:00,ue-4,cell-0,2.456,2.456,2.5300000000000002,0.503,0.0,52.9412,25.768752,-90.412325,-10.793626,6,1.371391,24.211125,10.599377,NS3_5G_LENA,,,
2026-09-28 12:14:12.160309+00:00,ue-5,cell-0,2.456,2.456,2.2070000000000003,0.0,0.0,52.9412,27.956569,-98.47902,-10.803419,6,8.352884,-97.549779,27.738049,NS3_5G_LENA,,,
2026-09-28 12:14:12.260309+00:00,ue-0,cell-0,2.456,2.456,2.564,0.0,0.0,51.9544,58.732352,-61.876509,-10.791815,6,2.961099,42.855168,16.900037,NS3_5G_LENA,,,
2026-09-28 12:14:12.260309+00:00,ue-1,cell-0,2.456,2.456,2.67,0.354,0.0,51.9544,25.556585,-105.011264,-10.843801,6,4.039258,-64.053604,60.961712,NS3_5G_LENA,,,
2026-09-28 12:14:12.260309+00:00,ue-2,cell-0,2.456,2.456,2.421,0.0,0.0,51.9544,51.194588,-83.528878,-10.792184,6,1.339407,-58.70191,-18.379498,NS3_5G_LENA,,,
2026-09-28 12:14:12.260309+00:00,ue-3,cell-0,2.456,2.456,2.35,0.0,0.0,51.9544,30.885232,-96.83924,-10.799772,6,2.893231,50.338146,17.552198,NS3_5G_LENA,,,
2026-09-28 12:14:12.260309+00:00,ue-4,cell-0,2.456,2.456,2.57,0.583,0.0,51.9544,25.822336,-90.412325,-10.793626,6,1.371391,24.076745,10.572007,NS3_5G_LENA,,,
2026-09-28 12:14:12.260309+00:00,ue-5,cell-0,2.456,2.456,2.2070000000000003,0.0,0.0,51.9544,26.078928,-98.47902,-10.803419,6,8.352884,-98.09912,28.36728,NS3_5G_LENA,,,
2026-09-28 12:14:12.360309+00:00,ue-0,cell-0,2.456,2.456,2.564,0.0,0.0,52.9316,58.75789,-62.071249,-10.791815,6,2.961099,43.00985,17.152533,NS3_5G_LENA,,,
2026-09-28 12:14:12.360309+00:00,ue-1,cell-0,2.456,2.456,2.807,0.629,0.0,52.9316,26.308482,-102.008587,-10.81793,6,4.039258,-63.793347,60.652807,NS3_5G_LENA,,,
2026-09-28 12:14:12.360309+00:00,ue-2,cell-0,2.456,2.456,2.421,0.0,0.0,52.9316,51.114414,-83.53399,-10.792185,6,1.339407,-58.587746,-18.30945,NS3_5G_LENA,,,
2026-09-28 12:14:12.360309+00:00,ue-3,cell-0,2.456,2.456,2.35,0.0,0.0,52.9316,32.028373,-95.984603,-10.798352,6,5.557538,50.384387,17.624264,NS3_5G_LENA,,,
2026-09-28 12:14:12.360309+00:00,ue-4,cell-0,2.456,2.456,2.433,0.309,0.0,52.9316,27.120217,-90.205949,-10.793542,6,1.371391,23.942365,10.544636,NS3_5G_LENA,,,
2026-09-28 12:14:12.360309+00:00,ue-5,cell-0,2.456,2.456,2.2070000000000003,0.0,0.0,52.9316,27.114955,-100.431906,-10.809996,6,8.352884,-98.648462,28.99651,NS3_5G_LENA,,,
2026-09-28 12:14:12.460309+00:00,ue-0,cell-0,2.456,2.456,2.564,0.0,0.0,51.9868,58.023883,-62.071249,-10.791815,6,2.961099,43.164532,17.40503,NS3_5G_LENA,,,
2026-09-28 12:14:12.460309+00:00,ue-1,cell-0,2.456,2.456,2.65,0.314,0.0,51.9868,26.481973,-102.008587,-10.81793,6,4.039258,-63.53309,60.343902,NS3_5G_LENA,,,
2026-09-28 12:14:12.460309+00:00,ue-2,cell-0,2.456,2.456,2.421,0.0,0.0,51.9868,50.60828,-83.53399,-10.792185,6,1.339407,-58.473581,-18.239403,NS3_5G_LENA,,,
2026-09-28 12:14:12.460309+00:00,ue-3,cell-0,2.456,2.456,2.35,0.0,0.0,51.9868,31.865589,-95.984603,-10.798352,6,5.557538,50.819924,17.279054,NS3_5G_LENA,,,
2026-09-28 12:14:12.460309+00:00,ue-4,cell-0,2.456,2.456,2.2790000000000004,0.0,0.0,51.9868,27.204067,-90.205949,-10.793542,6,1.371391,23.807985,10.517266,NS3_5G_LENA,,,
2026-09-28 12:14:12.460309+00:00,ue-5,cell-0,2.456,2.456,2.2070000000000003,0.0,0.0,51.9868,25.209886,-100.431906,-10.809996,6,8.352884,-99.197803,29.62574,NS3_5G_LENA,,,
2026-09-28 12:14:12.560309+00:00,ue-0,cell-0,2.456,2.456,2.564,0.0,0.0,52.9412,57.586741,-62.563203,-10.791815,6,2.961099,43.319215,17.657526,NS3_5G_LENA,,,
2026-09-28 12:14:12.560309+00:00,ue-1,cell-0,2.456,2.456,2.779,0.571,0.0,52.9412,26.308061,-100.708162,-10.811187,6,4.039258,-63.272832,60.034997,NS3_5G_LENA,,,
2026-09-28 12:14:12.560309+00:00,ue-2,cell-0,2.456,2.456,2.421,0.0,0.0,52.9412,51.381611,-84.053129,-10.792232,6,1.339407,-58.359417,-18.169356,NS3_5G_LENA,,,
2026-09-28 12:14:12.560309+00:00,ue-3,cell-0,2.456,2.456,2.35,0.0,0.0,52.9412,34.14601,-94.87422,-10.796877,6,5.557538,51.255461,16.933845,NS3_5G_LENA,,,
2026-09-28 12:14:12.560309+00:00,ue-4,cell-0,2.456,2.456,2.376,0.194,0.0,52.9412,27.270433,-89.233058,-10.793195,6,1.371391,23.673605,10.489895,NS3_5G_LENA,,,
2026-09-28 12:14:12.560309+00:00,ue-5,cell-0,2.456,2.456,2.2070000000000003,0.0,0.0,52.9412,23.83902,-100.83314,-10.811751,6,8.352884,-99.747144,30.25497,NS3_5G_LENA,,,
2026-09-28 12:14:12.660309+00:00,ue-0,cell-0,2.456,2.456,2.564,0.0,0.0,51.9608,56.262705,-62.563203,-10.791815,6,2.961099,43.473897,17.910023,NS3_5G_LENA,,,
2026-09-28 12:14:12.660309+00:00,ue-1,cell-0,2.35776,2.456,2.585,0.185,0.0,51.9608,27.865769,-100.708162,-10.811187,6,4.039258,-63.012575,59.726093,NS3_5G_LENA,,,
2026-09-28 12:14:12.660309+00:00,ue-2,cell-0,2.456,2.456,2.421,0.0,0.0,51.9608,52.176989,-84.053129,-10.792232,6,1.339407,-58.245253,-18.099309,NS3_5G_LENA,,,
2026-09-28 12:14:12.660309+00:00,ue-3,cell-0,2.456,2.456,2.35,0.0,0.0,51.9608,33.308052,-94.87422,-10.796877,6,5.557538,51.690998,16.588635,NS3_5G_LENA,,,
2026-09-28 12:14:12.660309+00:00,ue-4,cell-0,2.456,2.456,2.453,0.34900000000000003,0.0,51.9608,27.049541,-89.233058,-10.793195,6,1.371391,23.539225,10.462525,NS3_5G_LENA,,,
2026-09-28 12:14:12.660309+00:00,ue-5,cell-0,2.456,2.456,2.407,0.4,0.0,51.9608,22.389625,-100.83314,-10.811751,6,8.352884,-99.703514,30.8842,NS3_5G_LENA,,,
2026-09-28 12:14:12.760309+00:00,ue-0,cell-0,2.456,2.456,2.564,0.0,0.0,52.9508,57.046641,-63.616336,-10.791816,6,2.961099,43.628579,18.162519,NS3_5G_LENA,,,
2026-09-28 12:14:12.760309+00:00,ue-1,cell-0,2.55424,2.456,2.578,0.17,0.0,52.9508,28.757379,-99.566244,-10.806715,6,4.039258,-62.752318,59.417188,NS3_5G_LENA,,,
2026-09-28 12:14:12.760309+00:00,ue-2,cell-0,2.456,2.456,2.421,0.0,0.0,52.9508,52.389784,-82.743705,-10.792123,6,1.339407,-58.131088,-18.029261,NS3_5G_LENA,,,
2026-09-28 12:14:12.760309+00:00,ue-3,cell-0,2.456,2.456,2.35,0.0,0.0,52.9508,33.592684,-93.655601,-10.795639,6,5.557538,52.126535,16.243425,NS3_5G_LENA,,,
2026-09-28 12:14:12.760309+00:00,ue-4,cell-0,2.456,2.456,2.376,0.194,0.0,52.9508,27.241099,-89.365378,-10.793238,6,1.371391,23.404845,10.435155,NS3_5G_LENA,,,
2026-09-28 12:14:12.760309+00:00,ue-5,cell-0,2.456,2.456,2.387,0.36000000000000004,0.0,52.9508,19.403586,-102.918337,-10.823994,6,8.352884,-99.154173,31.513431,NS3_5G_LENA,,,
2026-09-28 12:14:12.860309+00:00,ue-0,cell-0,2.456,2.456,2.564,0.0,0.0,52.4272,56.885108,-63.616336,-10.791816,6,2.961099,43.783261,18.415016,NS3_5G_LENA,,,
2026-09-28 12:14:12.860309+00:00,ue-1,cell-0,2.456,2.456,2.719,0.314,0.0,52.4272,27.775903,-99.566244,-10.806715,6,4.039258,-62.49206,59.108283,NS3_5G_LENA,,,
2026-09-28 12:14:12.860309+00:00,ue-2,cell-0,2.456,2.456,2.421,0.0,0.0,52.4272,52.905103,-82.743705,-10.792123,6,1.339407,-58.016924,-17.959214,NS3_5G_LENA,,,
2026-09-28 12:14:12.860309+00:00,ue-3,cell-0,2.456,2.456,2.35,0.0,0.0,52.4272,33.81957,-93.655601,-10.795639,6,5.557538,52.562072,15.898215,NS3_5G_LENA,,,
2026-09-28 12:14:12.860309+00:00,ue-4,cell-0,2.456,2.456,2.356,0.154,0.0,52.4272,26.579683,-89.365378,-10.793238,6,1.371391,23.270465,10.407784,NS3_5G_LENA,,,
2026-09-28 12:14:12.860309+00:00,ue-5,cell-0,2.456,2.456,2.4789999999999996,0.39399999999999996,0.0,52.4272,19.167161,-102.918337,-10.823994,6,8.352884,-98.604831,32.142661,NS3_5G_LENA,,,
2026-09-28 12:14:12.960309+00:00,ue-0,cell-0,2.456,2.456,2.564,0.0,0.0,54.0284,57.52777,-63.286869,-10.791816,6,2.961099,43.937943,18.667513,NS3_5G_LENA,,,
2026-09-28 12:14:12.960309+00:00,ue-1,cell-0,2.456,2.456,2.493,0.0,0.0,54.0284,29.103644,-99.317723,-10.805888,6,4.039258,-62.231803,58.799378,NS3_5G_LENA,,,
2026-09-28 12:14:12.960309+00:00,ue-2,cell-0,2.456,2.456,2.421,0.0,0.0,54.0284,52.185194,-82.218345,-10.792087,6,1.339407,-57.90276,-17.889167,NS3_5G_LENA,,,
2026-09-28 12:14:12.960309+00:00,ue-3,cell-0,2.456,2.456,2.35,0.0,0.0,54.0284,32.597794,-93.894765,-10.795855,6,5.557538,52.997609,15.553006,NS3_5G_LENA,,,
2026-09-28 12:14:12.960309+00:00,ue-4,cell-0,2.456,2.456,2.453,0.34900000000000003,0.0,54.0284,27.010961,-89.088765,-10.79315,6,1.371391,23.136084,10.380414,NS3_5G_LENA,,,
2026-09-28 12:14:12.960309+00:00,ue-5,cell-0,2.456,2.456,2.866,0.76,0.0,54.0284,18.937209,-104.029972,-10.833337,6,4.584481,-98.384991,32.014893,NS3_5G_LENA,,,
2026-09-28 12:14:13.060309+00:00,ue-0,cell-0,2.456,2.456,2.564,0.0,0.0,53.565799999999996,57.099279,-63.286869,-10.791816,6,2.961099,44.092625,18.920009,NS3_5G_LENA,,,
2026-09-28 12:14:13.060309+00:00,ue-1,cell-0,2.456,2.456,2.581,0.177,0.0,53.565799999999996,29.694117,-99.317723,-10.805888,6,4.039258,-61.971546,58.490473,NS3_5G_LENA,,,
2026-09-28 12:14:13.060309+00:00,ue-2,cell-0,2.456,2.456,2.421,0.0,0.0,53.565799999999996,52.170437,-82.218345,-10.792087,6,1.339407,-57.788595,-17.81912,NS3_5G_LENA,,,
2026-09-28 12:14:13.060309+00:00,ue-3,cell-0,2.456,2.456,2.35,0.0,0.0,53.565799999999996,32.695727,-93.894765,-10.795855,6,5.557538,53.433146,15.207796,NS3_5G_LENA,,,
2026-09-28 12:14:13.060309+00:00,ue-4,cell-0,2.456,2.456,2.376,0.194,0.0,53.565799999999996,27.523442,-89.088765,-10.79315,6,1.371391,23.001704,10.353043,NS3_5G_LENA,,,
2026-09-28 12:14:13.060309+00:00,ue-5,cell-0,2.456,2.456,2.7169999999999996,0.221,0.0,53.565799999999996,16.89987,-104.029972,-10.833337,6,4.584481,-98.306111,31.563282,NS3_5G_LENA,,,
2026-09-28 12:14:13.160309+00:00,ue-0,cell-0,2.456,2.456,2.564,0.0,0.0,54.3887,57.435055,-62.84565,-10.791816,6,2.961099,44.247307,19.172506,NS3_5G_LENA,,,
2026-09-28 12:14:13.160309+00:00,ue-1,cell-0,2.456,2.456,2.493,0.0,0.0,54.3887,29.910487,-97.769175,-10.801671,6,4.039258,-61.711289,58.181568,NS3_5G_LENA,,,
2026-09-28 12:14:13.160309+00:00,ue-2,cell-0,2.456,2.456,2.421,0.0,0.0,54.3887,53.020522,-82.1429,-10.792083,6,1.339407,-57.674431,-17.749072,NS3_5G_LENA,,,
2026-09-28 12:14:13.160309+00:00,ue-3,cell-0,2.456,2.456,2.35,0.0,0.0,54.3887,31.06215,-94.835301,-10.796832,6,5.557538,53.868683,14.862586,NS3_5G_LENA,,,
2026-09-28 12:14:13.160309+00:00,ue-4,cell-0,2.456,2.456,2.376,0.194,0.0,54.3887,28.346948,-88.516095,-10.792984,6,1.371391,22.867324,10.325673,NS3_5G_LENA,,,
2026-09-28 12:14:13.160309+00:00,ue-5,cell-0,2.456,2.456,2.84,0.40299999999999997,0.0,54.3887,17.269381,-104.887946,-10.842354,6,4.584481,-98.227231,31.111671,NS3_5G_LENA,,,
2026-09-28 12:14:13.260309+00:00,ue-0,cell-0,2.456,2.456,2.564,0.0,0.0,53.3871,56.508474,-62.84565,-10.791816,6,2.961099,44.40199,19.425002,NS3_5G_LENA,,,
2026-09-28 12:14:13.260309+00:00,ue-1,cell-0,2.456,2.456,2.493,0.0,0.0,53.3871,30.881144,-97.769175,-10.801671,6,4.039258,-61.451031,57.872664,NS3_5G_LENA,,,
2026-09-28 12:14:13.260309+00:00,ue-2,cell-0,2.456,2.456,2.421,0.0,0.0,53.3871,54.123796,-82.1429,-10.792083,6,1.339407,-57.560267,-17.679025,NS3_5G_LENA,,,
2026-09-28 12:14:13.260309+00:00,ue-3,cell-0,2.456,2.456,2.35,0.0,0.0,53.3871,33.481208,-94.835301,-10.796832,6,5.557538,54.30422,14.517376,NS3_5G_LENA,,,
2026-09-28 12:14:13.260309+00:00,ue-4,cell-0,2.456,2.456,2.2790000000000004,0.0,0.0,53.3871,29.87487,-88.516095,-10.792984,6,1.371391,22.732944,10.298302,NS3_5G_LENA,,,
2026-09-28 12:14:13.260309+00:00,ue-5,cell-0,2.456,2.456,2.641,0.237,0.0,53.3871,18.98739,-104.887946,-10.842354,6,4.584481,-98.148351,30.66006,NS3_5G_LENA,,,
2026-09-28 12:14:13.360309+00:00,ue-0,cell-0,2.456,2.456,2.564,0.0,0.0,53.0478,56.906729,-62.605124,-10.791815,6,2.961099,44.556672,19.677499,NS3_5G_LENA,,,
2026-09-28 12:14:13.360309+00:00,ue-1,cell-0,2.456,2.456,2.493,0.0,0.0,53.0478,30.646208,-96.942509,-10.799964,6,4.039258,-61.190774,57.563759,NS3_5G_LENA,,,
2026-09-28 12:14:13.360309+00:00,ue-2,cell-0,2.456,2.456,2.421,0.0,0.0,53.0478,53.809678,-80.893524,-10.792015,6,1.339407,-57.446102,-17.608978,NS3_5G_LENA,,,
2026-09-28 12:14:13.360309+00:00,ue-3,cell-0,2.456,2.456,2.35,0.0,0.0,53.0478,33.226505,-92.946617,-10.795062,6,5.557538,54.739757,14.172166,NS3_5G_LENA,,,
2026-09-28 12:14:13.360309+00:00,ue-4,cell-0,2.456,2.456,2.2790000000000004,0.0,0.0,53.0478,29.90239,-86.199564,-10.7925,6,1.371391,22.598564,10.270932,NS3_5G_LENA,,,
2026-09-28 12:14:13.360309+00:00,ue-5,cell-0,2.456,2.456,2.426,0.456,0.0,53.0478,18.225465,-104.760526,-10.840901,6,4.584481,-98.069472,30.208449,NS3_5G_LENA,,,
2026-09-28 12:14:13.460309+00:00,ue-0,cell-0,2.456,2.456,2.564,0.0,0.0,51.980199999999996,57.183596,-62.605124,-10.791815,6,2.961099,44.711354,19.929995,NS3_5G_LENA,,,
2026-09-28 12:14:13.460309+00:00,ue-1,cell-0,2.456,2.456,2.493,0.0,0.0,51.980199999999996,30.348131,-96.942509,-10.799964,6,4.039258,-60.930517,57.254854,NS3_5G_LENA,,,
2026-09-28 12:14:13.460309+00:00,ue-2,cell-0,2.456,2.456,2.421,0.0,0.0,51.980199999999996,53.752495,-80.893524,-10.792015,6,1.339407,-57.331938,-17.538931,NS3_5G_LENA,,,
2026-09-28 12:14:13.460309+00:00,ue-3,cell-0,2.456,2.456,2.35,0.0,0.0,51.980199999999996,32.570754,-92.946617,-10.795062,6,5.557538,55.175294,13.826957,NS3_5G_LENA,,,
2026-09-28 12:14:13.460309+00:00,ue-4,cell-0,2.456,2.456,2.2790000000000004,0.0,0.0,51.980199999999996,29.972271,-86.199564,-10.7925,6,1.371391,22.464184,10.243561,NS3_5G_LENA,,,
2026-09-28 12:14:13.460309+00:00,ue-5,cell-0,2.456,2.456,2.387,0.36000000000000004,0.0,51.980199999999996,19.200205,-104.760526,-10.840901,6,4.584481,-97.990592,29.756838,NS3_5G_LENA,,,
2026-09-28 12:14:13.560309+00:00,ue-0,cell-0,2.456,2.456,2.564,0.0,0.0,52.98009999999999,55.626041,-62.755961,-10.791816,6,2.961099,44.866036,20.182492,NS3_5G_LENA,,,
2026-09-28 12:14:13.560309+00:00,ue-1,cell-0,2.456,2.456,2.493,0.0,0.0,52.98009999999999,30.926287,-96.597415,-10.799342,6,4.039258,-60.67026,56.945949,NS3_5G_LENA,,,
2026-09-28 12:14:13.560309+00:00,ue-2,cell-0,2.456,2.456,2.421,0.0,0.0,52.98009999999999,54.144894,-81.037056,-10.792022,6,1.339407,-57.217774,-17.468883,NS3_5G_LENA,,,
2026-09-28 12:14:13.560309+00:00,ue-3,cell-0,2.456,2.456,2.444,0.189,0.0,52.98009999999999,29.235715,-94.068329,-10.79602,6,5.557538,55.610831,13.481747,NS3_5G_LENA,,,
2026-09-28 12:14:13.560309+00:00,ue-4,cell-0,2.456,2.456,2.2790000000000004,0.0,0.0,52.98009999999999,30.730504,-85.743566,-10.792431,6,1.371391,22.329804,10.216191,NS3_5G_LENA,,,
2026-09-28 12:14:13.560309+00:00,ue-5,cell-0,2.456,2.456,2.2070000000000003,0.0,0.0,52.98009999999999,20.478344,-104.466576,-10.837706,6,4.584481,-97.911712,29.305226,NS3_5G_LENA,,,
2026-09-28 12:14:13.660309+00:00,ue-0,cell-0,2.456,2.456,2.564,0.0,0.0,51.9868,54.670359,-62.755961,-10.791816,6,2.961099,45.020718,20.434988,NS3_5G_LENA,,,
2026-09-28 12:14:13.660309+00:00,ue-1,cell-0,2.456,2.456,2.493,0.0,0.0,51.9868,30.713766,-96.597415,-10.799342,6,4.039258,-60.410002,56.637044,NS3_5G_LENA,,,
2026-09-28 12:14:13.660309+00:00,ue-2,cell-0,2.456,2.456,2.421,0.0,0.0,51.9868,53.018693,-81.037056,-10.792022,6,1.339407,-57.10361,-17.398836,NS3_5G_LENA,,,
2026-09-28 12:14:13.660309+00:00,ue-3,cell-0,2.456,2.456,2.35,0.0,0.0,51.9868,30.490148,-94.068329,-10.79602,6,5.557538,56.046368,13.136537,NS3_5G_LENA,,,
2026-09-28 12:14:13.660309+00:00,ue-4,cell-0,2.456,2.456,2.2790000000000004,0.0,0.0,51.9868,30.352079,-85.743566,-10.792431,6,1.371391,22.195424,10.188821,NS3_5G_LENA,,,
2026-09-28 12:14:13.660309+00:00,ue-5,cell-0,2.456,2.456,2.307,0.2,0.0,51.9868,21.543857,-104.466576,-10.837706,6,4.584481,-97.832832,28.853615,NS3_5G_LENA,,,
2026-09-28 12:14:13.760309+00:00,ue-0,cell-0,2.456,2.456,2.564,0.0,0.0,53.0,55.287361,-63.928906,-10.791817,6,2.961099,45.1754,20.687485,NS3_5G_LENA,,,
2026-09-28 12:14:13.760309+00:00,ue-1,cell-0,2.456,2.456,2.493,0.0,0.0,53.0,29.86753,-96.693712,-10.79951,6,4.039258,-60.149745,56.328139,NS3_5G_LENA,,,
2026-09-28 12:14:13.760309+00:00,ue-2,cell-0,2.456,2.456,2.421,0.0,0.0,53.0,53.069703,-81.269861,-10.792033,6,1.339407,-56.989445,-17.328789,NS3_5G_LENA,,,
2026-09-28 12:14:13.760309+00:00,ue-3,cell-0,2.456,2.456,2.35,0.0,0.0,53.0,31.8933,-94.529273,-10.796491,6,5.557538,56.481905,12.791327,NS3_5G_LENA,,,
2026-09-28 12:14:13.760309+00:00,ue-4,cell-0,2.456,2.456,2.2790000000000004,0.0,0.0,53.0,30.773766,-84.742935,-10.792304,6,1.371391,22.061044,10.16145,NS3_5G_LENA,,,
2026-09-28 12:14:13.760309+00:00,ue-5,cell-0,2.456,2.456,2.2070000000000003,0.0,0.0,53.0,23.033543,-103.4409,-10.828092,6,4.584481,-97.753952,28.402004,NS3_5G_LENA,,,
2026-09-28 12:14:13.860309+00:00,ue-0,cell-0,2.456,2.456,2.564,0.0,0.0,52.0,55.399295,-63.928906,-10.791817,6,2.961099,45.330082,20.939981,NS3_5G_LENA,,,
2026-09-28 12:14:13.860309+00:00,ue-1,cell-0,2.456,2.456,2.493,0.0,0.0,52.0,29.53431,-96.693712,-10.79951,6,4.039258,-59.889488,56.019234,NS3_5G_LENA,,,
2026-09-28 12:14:13.860309+00:00,ue-2,cell-0,2.456,2.456,2.421,0.0,0.0,52.0,53.03401,-81.269861,-10.792033,6,1.339407,-56.875281,-17.258742,NS3_5G_LENA,,,
2026-09-28 12:14:13.860309+00:00,ue-3,cell-0,2.456,2.456,2.35,0.0,0.0,52.0,30.682301,-94.529273,-10.796491,6,5.557538,56.917441,12.446117,NS3_5G_LENA,,,
2026-09-28 12:14:13.860309+00:00,ue-4,cell-0,2.456,2.456,2.2790000000000004,0.0,0.0,52.0,31.386358,-84.742935,-10.792304,6,1.371391,21.926664,10.13408,NS3_5G_LENA,,,
2026-09-28 12:14:13.860309+00:00,ue-5,cell-0,2.456,2.456,2.2070000000000003,0.0,0.0,52.0,22.613207,-103.4409,-10.828092,6,4.584481,-97.675072,27.950393,NS3_5G_LENA,,,
2026-09-28 12:14:13.960309+00:00,ue-0,cell-0,2.456,2.456,2.564,0.0,0.0,52.99,53.937293,-63.264408,-10.791816,6,2.961099,45.484764,21.192478,NS3_5G_LENA,,,
2026-09-28 12:14:13.960309+00:00,ue-1,cell-0,2.456,2.456,2.493,0.0,0.0,52.99,28.541869,-97.719579,-10.801559,6,4.039258,-59.62923,55.71033,NS3_5G_LENA,,,
2026-09-28 12:14:13.960309+00:00,ue-2,cell-0,2.456,2.456,2.421,0.0,0.0,52.99,52.785636,-81.660097,-10.792054,6,1.339407,-56.761117,-17.188694,NS3_5G_LENA,,,
2026-09-28 12:14:13.960309+00:00,ue-3,cell-0,2.456,2.456,2.444,0.189,0.0,52.99,28.45327,-96.002046,-10.798378,6,5.557538,57.352978,12.100908,NS3_5G_LENA,,,
2026-09-28 12:14:13.960309+00:00,ue-4,cell-0,2.456,2.456,2.2790000000000004,0.0,0.0,52.99,31.08065,-84.008204,-10.792228,6,1.371391,21.792284,10.106709,NS3_5G_LENA,,,
2026-09-28 12:14:13.960309+00:00,ue-5,cell-0,2.456,2.456,2.2070000000000003,0.0,0.0,52.99,23.596417,-103.413774,-10.827867,6,4.584481,-97.596192,27.498782,NS3_5G_LENA,,,
2026-09-28 12:14:14.060309+00:00,ue-0,cell-0,2.456,2.456,2.564,0.0,0.0,52.0,53.32965,-63.264408,-10.791816,6,2.961099,45.639447,21.444975,NS3_5G_LENA,,,
2026-09-28 12:14:14.060309+00:00,ue-1,cell-0,2.456,2.456,2.493,0.0,0.0,52.0,29.06128,-97.719579,-10.801559,6,4.039258,-59.368973,55.401425,NS3_5G_LENA,,,
2026-09-28 12:14:14.060309+00:00,ue-2,cell-0,2.456,2.456,2.421,0.0,0.0,52.0,52.43135,-81.660097,-10.792054,6,1.339407,-56.646952,-17.118647,NS3_5G_LENA,,,
2026-09-28 12:14:14.060309+00:00,ue-3,cell-0,2.35776,2.456,2.35,0.0,0.0,52.0,26.625998,-96.002046,-10.798378,6,5.557538,57.788515,11.755698,NS3_5G_LENA,,,
2026-09-28 12:14:14.060309+00:00,ue-4,cell-0,2.456,2.456,2.2790000000000004,0.0,0.0,52.0,30.983094,-84.008204,-10.792228,6,1.371391,21.657904,10.079339,NS3_5G_LENA,,,
2026-09-28 12:14:14.060309+00:00,ue-5,cell-0,2.456,2.456,2.2070000000000003,0.0,0.0,52.0,23.600074,-103.413774,-10.827867,6,4.584481,-97.517312,27.047171,NS3_5G_LENA,,,
2026-09-28 12:14:14.160309+00:00,ue-0,cell-0,2.456,2.456,2.564,0.0,0.0,52.9412,52.571692,-64.660052,-10.791817,6,2.961099,45.794129,21.697471,NS3_5G_LENA,,,
2026-09-28 12:14:14.160309+00:00,ue-1,cell-0,2.456,2.456,2.601,0.217,0.0,52.9412,30.603175,-97.752311,-10.801633,6,4.039258,-59.108716,55.09252,NS3_5G_LENA,,,
2026-09-28 12:14:14.160309+00:00,ue-2,cell-0,2.456,2.456,2.421,0.0,0.0,52.9412,53.429232,-81.856693,-10.792065,6,1.339407,-56.532788,-17.0486,NS3_5G_LENA,,,
2026-09-28 12:14:14.160309+00:00,ue-3,cell-0,2.55424,2.456,2.693,0.687,0.0,52.9412,28.161267,-98.054552,-10.80234,6,5.557538,58.224052,11.410488,NS3_5G_LENA,,,
2026-09-28 12:14:14.160309+00:00,ue-4,cell-0,2.456,2.456,2.2790000000000004,0.0,0.0,52.9412,31.159506,-84.019037,-10.792229,6,1.371391,21.523524,10.051968,NS3_5G_LENA,,,
2026-09-28 12:14:14.160309+00:00,ue-5,cell-0,2.456,2.456,2.2070000000000003,0.0,0.0,52.9412,24.310019,-103.838715,-10.831556,6,4.584481,-97.438432,26.59556,NS3_5G_LENA,,,
2026-09-28 12:14:14.260309+00:00,ue-0,cell-0,2.456,2.456,2.564,0.0,0.0,51.967200000000005,51.72755,-64.660052,-10.791817,6,2.961099,45.948811,21.949968,NS3_5G_LENA,,,
2026-09-28 12:14:14.260309+00:00,ue-1,cell-0,2.456,2.456,2.493,0.0,0.0,51.967200000000005,30.333885,-97.752311,-10.801633,6,4.039258,-58.848459,54.783615,NS3_5G_LENA,,,
2026-09-28 12:14:14.260309+00:00,ue-2,cell-0,2.456,2.456,2.421,0.0,0.0,51.967200000000005,53.524491,-81.856693,-10.792065,6,1.339407,-56.418624,-16.978553,NS3_5G_LENA,,,
2026-09-28 12:14:14.260309+00:00,ue-3,cell-0,2.456,2.456,2.613,0.526,0.0,51.967200000000005,27.950824,-98.054552,-10.80234,6,5.557538,58.659589,11.065278,NS3_5G_LENA,,,
2026-09-28 12:14:14.260309+00:00,ue-4,cell-0,2.456,2.456,2.2790000000000004,0.0,0.0,51.967200000000005,30.088048,-84.019037,-10.792229,6,1.371391,21.389144,10.024598,NS3_5G_LENA,,,
2026-09-28 12:14:14.260309+00:00,ue-5,cell-0,2.456,2.456,2.2070000000000003,0.0,0.0,51.967200000000005,23.699307,-103.838715,-10.831556,6,4.584481,-97.359552,26.143949,NS3_5G_LENA,,,
2026-09-28 12:14:14.360309+00:00,ue-0,cell-0,2.456,2.456,2.564,0.0,0.0,52.9412,51.111335,-65.978701,-10.791819,6,2.961099,46.103493,22.202464,NS3_5G_LENA,,,
2026-09-28 12:14:14.360309+00:00,ue-1,cell-0,2.456,2.456,2.493,0.0,0.0,52.9412,30.256283,-97.098107,-10.800261,6,4.039258,-58.588201,54.47471,NS3_5G_LENA,,,
2026-09-28 12:14:14.360309+00:00,ue-2,cell-0,2.456,2.456,2.421,0.0,0.0,52.9412,54.001941,-81.032841,-10.792022,6,1.339407,-56.304459,-16.908505,NS3_5G_LENA,,,
2026-09-28 12:14:14.360309+00:00,ue-3,cell-0,2.456,2.456,2.7070000000000003,0.714,0.0,52.9412,27.456237,-99.092468,-10.805177,6,5.557538,59.095126,10.720068,NS3_5G_LENA,,,
2026-09-28 12:14:14.360309+00:00,ue-4,cell-0,2.456,2.456,2.2790000000000004,0.0,0.0,52.9412,30.617603,-84.516822,-10.792279,6,1.371391,21.254764,9.997227,NS3_5G_LENA,,,
2026-09-28 12:14:14.360309+00:00,ue-5,cell-0,2.456,2.456,2.2070000000000003,0.0,0.0,52.9412,23.487879,-105.367213,-10.848213,6,4.584481,-97.280673,25.692338,NS3_5G_LENA,,,
2026-09-28 12:14:14.460309+00:00,ue-0,cell-0,2.456,2.456,2.564,0.0,0.0,51.9544,49.601183,-65.978701,-10.791819,6,2.961099,46.258175,22.454961,NS3_5G_LENA,,,
2026-09-28 12:14:14.460309+00:00,ue-1,cell-0,2.35776,2.456,2.493,0.0,0.0,51.9544,28.661318,-97.098107,-10.800261,6,4.039258,-58.327944,54.165805,NS3_5G_LENA,,,
2026-09-28 12:14:14.460309+00:00,ue-2,cell-0,2.456,2.456,2.421,0.0,0.0,51.9544,54.714947,-81.032841,-10.792022,6,1.339407,-56.190295,-16.838458,NS3_5G_LENA,,,
2026-09-28 12:14:14.460309+00:00,ue-3,cell-0,2.35776,2.456,2.841,0.982,0.0,51.9544,25.891422,-99.092468,-10.805177,6,5.557538,59.530663,10.374859,NS3_5G_LENA,,,
2026-09-28 12:14:14.460309+00:00,ue-4,cell-0,2.456,2.456,2.2790000000000004,0.0,0.0,51.9544,30.550522,-84.516822,-10.792279,6,1.371391,21.120383,9.969857,NS3_5G_LENA,,,
2026-09-28 12:14:14.460309+00:00,ue-5,cell-0,2.456,2.456,2.2070000000000003,0.0,0.0,51.9544,24.69824,-105.367213,-10.848213,6,4.584481,-97.201793,25.240726,NS3_5G_LENA,,,
2026-09-28 12:14:14.560309+00:00,ue-0,cell-0,2.456,2.456,2.564,0.0,0.0,52.830200000000005,49.60547,-67.12888,-10.791821,6,2.961099,46.412857,22.707457,NS3_5G_LENA,,,
2026-09-28 12:14:14.560309+00:00,ue-1,cell-0,2.55424,2.456,2.899,0.6809999999999999,0.0,52.830200000000005,28.329879,-98.724704,-10.804094,6,4.039258,-58.067687,53.856901,NS3_5G_LENA,,,
2026-09-28 12:14:14.560309+00:00,ue-2,cell-0,2.456,2.456,2.421,0.0,0.0,52.830200000000005,54.444307,-80.193291,-10.791985,6,1.339407,-56.076131,-16.768411,NS3_5G_LENA,,,
2026-09-28 12:14:14.560309+00:00,ue-3,cell-0,2.55424,2.456,3.056,1.4120000000000001,0.0,52.830200000000005,24.700792,-101.173059,-10.813371,6,5.557538,59.9662,10.029649,NS3_5G_LENA,,,
2026-09-28 12:14:14.560309+00:00,ue-4,cell-0,2.456,2.456,2.2790000000000004,0.0,0.0,52.830200000000005,31.279858,-84.004964,-10.792227,6,1.371391,20.986003,9.942486,NS3_5G_LENA,,,
2026-09-28 12:14:14.560309+00:00,ue-5,cell-0,2.456,2.456,2.2070000000000003,0.0,0.0,52.830200000000005,23.048214,-106.613841,-10.866805,6,4.584481,-97.122913,24.789115,NS3_5G_LENA,,,
2026-09-28 12:14:14.660309+00:00,ue-0,cell-0,2.456,2.456,2.564,0.0,0.0,51.9231,47.477066,-67.12888,-10.791821,6,10.008028,46.826167,23.190423,NS3_5G_LENA,,,
2026-09-28 12:14:14.660309+00:00,ue-1,cell-0,2.456,2.456,2.561,0.13699999999999998,0.0,51.9231,27.540161,-98.724704,-10.804094,6,4.039258,-57.807429,53.547996,NS3_5G_LENA,,,
2026-09-28 12:14:14.660309+00:00,ue-2,cell-0,2.456,2.456,2.421,0.0,0.0,51.9231,53.533481,-80.193291,-10.791985,6,1.339407,-55.961966,-16.698364,NS3_5G_LENA,,,
2026-09-28 12:14:14.660309+00:00,ue-3,cell-0,2.456,2.456,2.9160000000000004,1.131,0.0,51.9231,24.441451,-101.173059,-10.813371,6,5.557538,60.401737,9.684439,NS3_5G_LENA,,,
2026-09-28 12:14:14.660309+00:00,ue-4,cell-0,2.456,2.456,2.2790000000000004,0.0,0.0,51.9231,31.384403,-84.004964,-10.792227,6,1.371391,20.851623,9.915116,NS3_5G_LENA,,,
2026-09-28 12:14:14.660309+00:00,ue-5,cell-0,2.456,2.456,2.2070000000000003,0.0,0.0,51.9231,25.730736,-106.613841,-10.866805,6,4.584481,-97.044033,24.337504,NS3_5G_LENA,,,
2026-09-28 12:14:14.760309+00:00,ue-0,cell-0,2.456,2.456,2.564,0.0,0.0,52.9316,49.296998,-67.401846,-10.791822,6,10.008028,47.513659,23.91772,NS3_5G_LENA,,,
2026-09-28 12:14:14.760309+00:00,ue-1,cell-0,2.456,2.456,2.69,0.39399999999999996,0.0,52.9316,27.629412,-99.413954,-10.806203,6,4.039258,-57.547172,53.239091,NS3_5G_LENA,,,
2026-09-28 12:14:14.760309+00:00,ue-2,cell-0,2.456,2.456,2.421,0.0,0.0,52.9316,54.365235,-80.58814,-10.792001,6,1.339407,-55.847802,-16.628317,NS3_5G_LENA,,,
2026-09-28 12:14:14.760309+00:00,ue-3,cell-0,2.456,2.456,2.653,0.606,0.0,52.9316,25.392205,-102.733866,-10.822661,6,5.557538,60.837274,9.339229,NS3_5G_LENA,,,
2026-09-28 12:14:14.760309+00:00,ue-4,cell-0,2.456,2.456,2.2790000000000004,0.0,0.0,52.9316,31.777311,-83.105317,-10.79215,6,1.371391,20.717243,9.887746,NS3_5G_LENA,,,
2026-09-28 12:14:14.760309+00:00,ue-5,cell-0,2.456,2.456,2.2070000000000003,0.0,0.0,52.9316,25.671188,-106.402945,-10.863279,6,4.584481,-96.965153,23.885893,NS3_5G_LENA,,,
2026-09-28 12:14:14.860309+00:00,ue-0,cell-0,2.456,2.456,2.564,0.0,0.0,51.9481,50.465195,-67.401846,-10.791822,6,10.008028,48.201152,24.645016,NS3_5G_LENA,,,
2026-09-28 12:14:14.860309+00:00,ue-1,cell-0,2.456,2.456,2.561,0.13699999999999998,0.0,51.9481,29.22457,-99.413954,-10.806203,6,4.039258,-57.286915,52.930186,NS3_5G_LENA,,,
2026-09-28 12:14:14.860309+00:00,ue-2,cell-0,2.456,2.456,2.421,0.0,0.0,51.9481,54.64746,-80.58814,-10.792001,6,1.339407,-55.733638,-16.558269,NS3_5G_LENA,,,
2026-09-28 12:14:14.860309+00:00,ue-3,cell-0,2.456,2.456,2.781,0.674,0.0,51.9481,25.297154,-102.733866,-10.822661,6,5.557538,61.272811,8.994019,NS3_5G_LENA,,,
2026-09-28 12:14:14.860309+00:00,ue-4,cell-0,2.456,2.456,2.2790000000000004,0.0,0.0,51.9481,31.753347,-83.105317,-10.79215,6,1.371391,20.582863,9.860375,NS3_5G_LENA,,,
2026-09-28 12:14:14.860309+00:00,ue-5,cell-0,2.456,2.456,2.2070000000000003,0.0,0.0,51.9481,25.043521,-106.402945,-10.863279,6,4.584481,-96.886273,23.434282,NS3_5G_LENA,,,
2026-09-28 12:14:14.960309+00:00,ue-0,cell-0,2.456,2.456,2.564,0.0,0.0,52.9703,47.51444,-65.183532,-10.791818,6,10.008028,48.888644,25.372313,NS3_5G_LENA,,,
2026-09-28 12:14:14.960309+00:00,ue-1,cell-0,2.456,2.456,2.493,0.0,0.0,52.9703,29.347858,-98.597009,-10.803738,6,7.708568,-57.017621,52.72564,NS3_5G_LENA,,,
2026-09-28 12:14:14.960309+00:00,ue-2,cell-0,2.456,2.456,2.421,0.0,0.0,52.9703,55.083064,-79.707716,-10.791967,6,1.339407,-55.619474,-16.488222,NS3_5G_LENA,,,
2026-09-28 12:14:14.960309+00:00,ue-3,cell-0,2.456,2.456,2.539,0.377,0.0,52.9703,25.294604,-101.894033,-10.817252,6,5.557538,61.708348,8.64881,NS3_5G_LENA,,,
2026-09-28 12:14:14.960309+00:00,ue-4,cell-0,2.456,2.456,2.2790000000000004,0.0,0.0,52.9703,32.758382,-82.281849,-10.792091,6,1.371391,20.448483,9.833005,NS3_5G_LENA,,,
2026-09-28 12:14:14.960309+00:00,ue-5,cell-0,2.456,2.456,2.2070000000000003,0.0,0.0,52.9703,24.960172,-107.123451,-10.876051,6,4.584481,-96.807393,22.982671,NS3_5G_LENA,,,
2026-09-28 12:14:15.060309+00:00,ue-0,cell-0,2.456,2.456,2.564,0.0,0.0,51.9544,44.868124,-65.183532,-10.791818,6,10.008028,49.576137,26.09961,NS3_5G_LENA,,,
2026-09-28 12:14:15.060309+00:00,ue-1,cell-0,2.456,2.456,2.493,0.0,0.0,51.9544,29.936792,-98.597009,-10.803738,6,7.708568,-56.670994,53.414168,NS3_5G_LENA,,,
2026-09-28 12:14:15.060309+00:00,ue-2,cell-0,2.456,2.456,2.421,0.0,0.0,51.9544,55.719688,-79.707716,-10.791967,6,1.339407,-55.505309,-16.418175,NS3_5G_LENA,,,
2026-09-28 12:14:15.060309+00:00,ue-3,cell-0,2.456,2.456,2.801,0.903,0.0,51.9544,24.540741,-101.894033,-10.817252,6,5.557538,62.143885,8.3036,NS3_5G_LENA,,,
2026-09-28 12:14:15.060309+00:00,ue-4,cell-0,2.456,2.456,2.2790000000000004,0.0,0.0,51.9544,33.07078,-82.281849,-10.792091,6,1.371391,20.314103,9.805634,NS3_5G_LENA,,,
2026-09-28 12:14:15.060309+00:00,ue-5,cell-0,2.456,2.456,2.2070000000000003,0.0,0.0,51.9544,26.624459,-107.123451,-10.876051,6,4.584481,-96.728513,22.53106,NS3_5G_LENA,,,
2026-09-28 12:14:15.160309+00:00,ue-0,cell-0,2.456,2.456,2.564,0.0,0.0,52.98009999999999,43.233375,-66.168228,-10.791819,6,10.008028,50.263629,26.826906,NS3_5G_LENA,,,
2026-09-28 12:14:15.160309+00:00,ue-1,cell-0,2.456,2.456,2.493,0.0,0.0,52.98009999999999,28.541775,-97.988653,-10.802181,6,7.708568,-56.324368,54.102695,NS3_5G_LENA,,,
2026-09-28 12:14:15.160309+00:00,ue-2,cell-0,2.456,2.456,2.421,0.0,0.0,52.98009999999999,55.44576,-78.864861,-10.791939,6,1.339407,-55.391145,-16.348128,NS3_5G_LENA,,,
2026-09-28 12:14:15.160309+00:00,ue-3,cell-0,2.456,2.456,2.499,0.297,0.0,52.98009999999999,24.388748,-102.872885,-10.82366,6,5.557538,62.579422,7.95839,NS3_5G_LENA,,,
2026-09-28 12:14:15.160309+00:00,ue-4,cell-0,2.456,2.456,2.2790000000000004,0.0,0.0,52.98009999999999,32.893802,-81.594495,-10.792051,6,1.371391,20.179723,9.778264,NS3_5G_LENA,,,
2026-09-28 12:14:15.160309+00:00,ue-5,cell-0,2.456,2.456,2.2070000000000003,0.0,0.0,52.98009999999999,25.476725,-108.100397,-10.897046,6,4.584481,-96.649633,22.079449,NS3_5G_LENA,,,
2026-09-28 12:14:15.260309+00:00,ue-0,cell-0,2.456,2.456,2.564,0.0,0.0,51.980199999999996,40.608431,-66.168228,-10.791819,6,10.008028,50.951122,27.554203,NS3_5G_LENA,,,
2026-09-28 12:14:15.260309+00:00,ue-1,cell-0,2.456,2.456,2.493,0.0,0.0,51.980199999999996,30.867471,-97.988653,-10.802181,6,7.708568,-55.977741,54.791223,NS3_5G_LENA,,,
2026-09-28 12:14:15.260309+00:00,ue-2,cell-0,2.456,2.456,2.421,0.0,0.0,51.980199999999996,56.155794,-78.864861,-10.791939,6,1.339407,-55.276981,-16.27808,NS3_5G_LENA,,,
2026-09-28 12:14:15.260309+00:00,ue-3,cell-0,2.456,2.456,2.519,0.337,0.0,51.980199999999996,25.587429,-102.872885,-10.82366,6,5.557538,63.014959,7.61318,NS3_5G_LENA,,,
2026-09-28 12:14:15.260309+00:00,ue-4,cell-0,2.456,2.456,2.2790000000000004,0.0,0.0,51.980199999999996,32.121216,-81.594495,-10.792051,6,1.371391,20.045343,9.750893,NS3_5G_LENA,,,
2026-09-28 12:14:15.260309+00:00,ue-5,cell-0,2.456,2.456,2.2070000000000003,0.0,0.0,51.980199999999996,27.097758,-108.100397,-10.897046,6,4.584481,-96.570754,21.627838,NS3_5G_LENA,,,
2026-09-28 12:14:15.360309+00:00,ue-0,cell-0,2.456,2.456,2.564,0.0,0.0,53.0,37.049553,-68.567533,-10.791824,6,10.008028,51.638614,28.2815,NS3_5G_LENA,,,
2026-09-28 12:14:15.360309+00:00,ue-1,cell-0,2.456,2.456,2.493,0.0,0.0,53.0,29.482526,-97.220623,-10.800502,6,7.708568,-55.631115,55.479751,NS3_5G_LENA,,,
2026-09-28 12:14:15.360309+00:00,ue-2,cell-0,2.456,2.456,2.421,0.0,0.0,53.0,56.045388,-78.465702,-10.791928,6,1.339407,-55.162816,-16.208033,NS3_5G_LENA,,,
2026-09-28 12:14:15.360309+00:00,ue-3,cell-0,2.456,2.456,2.35,0.0,0.0,53.0,25.858326,-102.83357,-10.823374,6,5.557538,63.450496,7.26797,NS3_5G_LENA,,,
2026-09-28 12:14:15.360309+00:00,ue-4,cell-0,2.456,2.456,2.2790000000000004,0.0,0.0,53.0,32.159203,-81.643742,-10.792053,6,1.371391,19.910963,9.723523,NS3_5G_LENA,,,
2026-09-28 12:14:15.360309+00:00,ue-5,cell-0,2.456,2.456,2.2070000000000003,0.0,0.0,53.0,28.512004,-108.077093,-10.89649,6,4.584481,-96.491874,21.176226,NS3_5G_LENA,,,
2026-09-28 12:14:15.460309+00:00,ue-0,cell-0,2.456,2.456,2.564,0.0,0.0,51.9544,33.359986,-68.567533,-10.791824,6,10.008028,52.326106,29.008796,NS3_5G_LENA,,,
2026-09-28 12:14:15.460309+00:00,ue-1,cell-0,2.35776,2.456,2.984,0.512,0.0,51.9544,27.315794,-97.220623,-10.800502,6,7.708568,-55.284488,56.168278,NS3_5G_LENA,,,
2026-09-28 12:14:15.460309+00:00,ue-2,cell-0,2.456,2.456,2.421,0.0,0.0,51.9544,55.692514,-78.465702,-10.791928,6,1.339407,-55.048652,-16.137986,NS3_5G_LENA,,,
2026-09-28 12:14:15.460309+00:00,ue-3,cell-0,2.456,2.456,2.35,0.0,0.0,51.9544,27.20572,-102.83357,-10.823374,6,5.557538,63.886033,6.922761,NS3_5G_LENA,,,
2026-09-28 12:14:15.460309+00:00,ue-4,cell-0,2.456,2.456,2.2790000000000004,0.0,0.0,51.9544,32.343636,-81.643742,-10.792053,6,1.371391,19.776583,9.696152,NS3_5G_LENA,,,
2026-09-28 12:14:15.460309+00:00,ue-5,cell-0,2.456,2.456,2.2070000000000003,0.0,0.0,51.9544,28.644449,-108.077093,-10.89649,6,4.584481,-96.412994,20.724615,NS3_5G_LENA,,,
2026-09-28 12:14:15.560309+00:00,ue-0,cell-0,2.456,2.456,2.564,0.0,0.0,52.99,29.90413,-71.944048,-10.791838,6,10.008028,53.013599,29.736093,NS3_5G_LENA,,,
2026-09-28 12:14:15.560309+00:00,ue-1,cell-0,2.55424,2.456,2.559,0.132,0.0,52.99,27.610532,-99.533901,-10.806605,6,7.708568,-54.937862,56.856806,NS3_5G_LENA,,,
2026-09-28 12:14:15.560309+00:00,ue-2,cell-0,2.456,2.456,2.421,0.0,0.0,52.99,55.729577,-78.50947,-10.791929,6,1.339407,-54.934488,-16.067939,NS3_5G_LENA,,,
2026-09-28 12:14:15.560309+00:00,ue-3,cell-0,2.456,2.456,2.35,0.0,0.0,52.99,26.471843,-101.658831,-10.815915,6,5.557538,64.32157,6.577551,NS3_5G_LENA,,,
2026-09-28 12:14:15.560309+00:00,ue-4,cell-0,2.456,2.456,2.2790000000000004,0.0,0.0,52.99,31.93396,-81.553346,-10.792048,6,1.371391,19.642203,9.668782,NS3_5G_LENA,,,
2026-09-28 12:14:15.560309+00:00,ue-5,cell-0,2.456,2.456,2.2070000000000003,0.0,0.0,52.99,30.579603,-105.999766,-10.85699,6,4.584481,-96.334114,20.273004,NS3_5G_LENA,,,
2026-09-28 12:14:15.660309+00:00,ue-0,cell-0,2.456,2.456,2.564,0.0,0.0,51.9737,30.041617,-71.944048,-10.791838,6,10.008028,53.701091,30.463389,NS3_5G_LENA,,,
2026-09-28 12:14:15.660309+00:00,ue-1,cell-0,2.456,2.456,2.7590000000000003,0.531,0.0,51.9737,27.34402,-99.533901,-10.806605,6,7.708568,-54.591235,57.545334,NS3_5G_LENA,,,
2026-09-28 12:14:15.660309+00:00,ue-2,cell-0,2.456,2.456,2.421,0.0,0.0,51.9737,55.926849,-78.50947,-10.791929,6,1.339407,-54.820323,-15.997891,NS3_5G_LENA,,,
2026-09-28 12:14:15.660309+00:00,ue-3,cell-0,2.456,2.456,2.35,0.0,0.0,51.9737,26.30215,-101.658831,-10.815915,6,5.557538,64.757107,6.232341,NS3_5G_LENA,,,
2026-09-28 12:14:15.660309+00:00,ue-4,cell-0,2.456,2.456,2.2790000000000004,0.0,0.0,51.9737,31.87246,-81.553346,-10.792048,6,1.371391,19.507823,9.641412,NS3_5G_LENA,,,
2026-09-28 12:14:15.660309+00:00,ue-5,cell-0,2.456,2.456,2.2070000000000003,0.0,0.0,51.9737,30.527355,-105.999766,-10.85699,6,4.584481,-96.255234,19.821393,NS3_5G_LENA,,,
2026-09-28 12:14:15.760309+00:00,ue-0,cell-0,2.456,2.456,2.564,0.0,0.0,53.0,29.03689,-73.009198,-10.791845,6,10.008028,54.388584,31.190686,NS3_5G_LENA,,,
2026-09-28 12:14:15.760309+00:00,ue-1,cell-0,2.456,2.456,2.493,0.0,0.0,53.0,29.49115,-98.597214,-10.803739,6,7.708568,-54.244609,58.233861,NS3_5G_LENA,,,
2026-09-28 12:14:15.760309+00:00,ue-2,cell-0,2.456,2.456,2.421,0.0,0.0,53.0,56.176297,-78.263421,-10.791923,6,1.339407,-54.706159,-15.927844,NS3_5G_LENA,,,
2026-09-28 12:14:15.760309+00:00,ue-3,cell-0,2.456,2.456,2.35,0.0,0.0,53.0,27.660105,-102.56114,-10.821462,6,5.557538,65.192644,5.887131,NS3_5G_LENA,,,
2026-09-28 12:14:15.760309+00:00,ue-4,cell-0,2.456,2.456,2.2790000000000004,0.0,0.0,53.0,32.234524,-81.565067,-10.792049,6,1.371391,19.373443,9.614041,NS3_5G_LENA,,,
2026-09-28 12:14:15.760309+00:00,ue-5,cell-0,2.456,2.456,2.2070000000000003,0.0,0.0,53.0,30.872275,-105.605505,-10.851373,6,4.584481,-96.176354,19.369782,NS3_5G_LENA,,,
2026-09-28 12:14:15.860309+00:00,ue-0,cell-0,2.456,2.456,2.564,0.0,0.0,52.0,30.263743,-73.009198,-10.791845,6,10.008028,55.076076,31.917983,NS3_5G_LENA,,,
2026-09-28 12:14:15.860309+00:00,ue-1,cell-0,2.456,2.456,2.493,0.0,0.0,52.0,29.194158,-98.597214,-10.803739,6,7.708568,-53.897982,58.922389,NS3_5G_LENA,,,
2026-09-28 12:14:15.860309+00:00,ue-2,cell-0,2.456,2.456,2.421,0.0,0.0,52.0,56.397752,-78.263421,-10.791923,6,1.339407,-54.591995,-15.857797,NS3_5G_LENA,,,
2026-09-28 12:14:15.860309+00:00,ue-3,cell-0,2.456,2.456,2.35,0.0,0.0,52.0,29.516373,-102.56114,-10.821462,6,5.557538,65.62818,5.541921,NS3_5G_LENA,,,
2026-09-28 12:14:15.860309+00:00,ue-4,cell-0,2.456,2.456,2.2790000000000004,0.0,0.0,52.0,32.478806,-81.565067,-10.792049,6,1.371391,19.239063,9.586671,NS3_5G_LENA,,,
2026-09-28 12:14:15.860309+00:00,ue-5,cell-0,2.456,2.456,2.2070000000000003,0.0,0.0,52.0,31.135575,-105.605505,-10.851373,6,4.584481,-96.097474,18.918171,NS3_5G_LENA,,,
2026-09-28 12:14:15.960309+00:00,ue-0,cell-0,2.456,2.456,2.564,0.0,0.0,52.98009999999999,33.177161,-74.014333,-10.791854,6,10.008028,55.763568,32.645279,NS3_5G_LENA,,,
2026-09-28 12:14:15.960309+00:00,ue-1,cell-0,2.456,2.456,2.65,0.314,0.0,52.98009999999999,27.112131,-98.492983,-10.803456,6,7.708568,-53.551356,59.610917,NS3_5G_LENA,,,
2026-09-28 12:14:15.960309+00:00,ue-2,cell-0,2.456,2.456,2.421,0.0,0.0,52.98009999999999,56.738885,-77.675,-10.791909,6,1.339407,-54.47783,-15.78775,NS3_5G_LENA,,,
2026-09-28 12:14:15.960309+00:00,ue-3,cell-0,2.456,2.456,2.35,0.0,0.0,52.98009999999999,29.98403,-100.381029,-10.809784,6,5.557538,66.063717,5.196712,NS3_5G_LENA,,,
2026-09-28 12:14:15.960309+00:00,ue-4,cell-0,2.456,2.456,2.2790000000000004,0.0,0.0,52.98009999999999,32.431485,-80.778082,-10.79201,6,1.371391,19.104682,9.5593,NS3_5G_LENA,,,
2026-09-28 12:14:15.960309+00:00,ue-5,cell-0,2.456,2.456,2.2070000000000003,0.0,0.0,52.98009999999999,30.556456,-106.395117,-10.863151,6,4.584481,-96.018594,18.46656,NS3_5G_LENA,,,
2026-09-28 12:14:16.060309+00:00,ue-0,cell-0,2.456,2.456,2.564,0.0,0.0,51.9737,36.52469,-74.014333,-10.791854,6,10.008028,56.451061,33.372576,NS3_5G_LENA,,,
2026-09-28 12:14:16.060309+00:00,ue-1,cell-0,2.456,2.456,2.807,0.491,0.0,51.9737,28.250329,-98.492983,-10.803456,6,7.708568,-53.204729,60.299444,NS3_5G_LENA,,,
2026-09-28 12:14:16.060309+00:00,ue-2,cell-0,2.456,2.456,2.421,0.0,0.0,51.9737,56.494632,-77.675,-10.791909,6,1.339407,-54.363666,-15.717702,NS3_5G_LENA,,,
2026-09-28 12:14:16.060309+00:00,ue-3,cell-0,2.456,2.456,2.35,0.0,0.0,51.9737,29.592462,-100.381029,-10.809784,6,5.557538,66.499254,4.851502,NS3_5G_LENA,,,
2026-09-28 12:14:16.060309+00:00,ue-4,cell-0,2.456,2.456,2.2790000000000004,0.0,0.0,51.9737,31.778708,-80.778082,-10.79201,6,1.371391,18.970302,9.53193,NS3_5G_LENA,,,
2026-09-28 12:14:16.060309+00:00,ue-5,cell-0,2.456,2.456,2.2070000000000003,0.0,0.0,51.9737,31.111395,-106.395117,-10.863151,6,4.584481,-95.939714,18.014949,NS3_5G_LENA,,,
2026-09-28 12:14:16.160309+00:00,ue-0,cell-0,2.456,2.456,2.564,0.0,0.0,52.98009999999999,34.053956,-72.333733,-10.791841,6,10.008028,57.138553,34.099873,NS3_5G_LENA,,,
2026-09-28 12:14:16.160309+00:00,ue-1,cell-0,2.456,2.456,2.581,0.177,0.0,52.98009999999999,28.446366,-98.224763,-10.80276,6,7.708568,-52.858103,60.987972,NS3_5G_LENA,,,
2026-09-28 12:14:16.160309+00:00,ue-2,cell-0,2.456,2.456,2.421,0.0,0.0,52.98009999999999,55.814885,-77.711099,-10.79191,6,1.339407,-54.249502,-15.647655,NS3_5G_LENA,,,
2026-09-28 12:14:16.160309+00:00,ue-3,cell-0,2.456,2.456,2.424,0.149,0.0,52.98009999999999,29.10848,-100.635897,-10.810868,6,5.557538,66.934791,4.506292,NS3_5G_LENA,,,
2026-09-28 12:14:16.160309+00:00,ue-4,cell-0,2.456,2.456,2.2790000000000004,0.0,0.0,52.98009999999999,32.341978,-80.974516,-10.792019,6,1.371391,18.835922,9.504559,NS3_5G_LENA,,,
2026-09-28 12:14:16.160309+00:00,ue-5,cell-0,2.456,2.456,2.2070000000000003,0.0,0.0,52.98009999999999,29.284216,-107.095718,-10.87552,6,4.584481,-95.860834,17.563338,NS3_5G_LENA,,,
2026-09-28 12:14:16.260309+00:00,ue-0,cell-0,2.456,2.456,2.564,0.0,0.0,51.9934,32.334124,-72.333733,-10.791841,6,10.008028,57.826046,34.827169,NS3_5G_LENA,,,
2026-09-28 12:14:16.260309+00:00,ue-1,cell-0,2.456,2.456,2.561,0.13699999999999998,0.0,51.9934,27.924878,-98.224763,-10.80276,6,7.708568,-52.511476,61.6765,NS3_5G_LENA,,,
2026-09-28 12:14:16.260309+00:00,ue-2,cell-0,2.456,2.456,2.421,0.0,0.0,51.9934,55.589831,-77.711099,-10.79191,6,1.339407,-54.135338,-15.577608,NS3_5G_LENA,,,
2026-09-28 12:14:16.260309+00:00,ue-3,cell-0,2.456,2.456,2.35,0.0,0.0,51.9934,29.187093,-100.635897,-10.810868,6,5.557538,67.370328,4.161082,NS3_5G_LENA,,,
2026-09-28 12:14:16.260309+00:00,ue-4,cell-0,2.456,2.456,2.2790000000000004,0.0,0.0,51.9934,31.998347,-80.974516,-10.792019,6,1.371391,18.701542,9.477189,NS3_5G_LENA,,,
2026-09-28 12:14:16.260309+00:00,ue-5,cell-0,2.456,2.456,2.2070000000000003,0.0,0.0,51.9934,29.608534,-107.095718,-10.87552,6,4.584481,-95.781955,17.111726,NS3_5G_LENA,,,
2026-09-28 12:14:16.360309+00:00,ue-0,cell-0,2.456,2.456,2.564,0.0,0.0,52.9412,33.172743,-76.999642,-10.791895,6,10.008028,58.513538,35.554466,NS3_5G_LENA,,,
2026-09-28 12:14:16.360309+00:00,ue-1,cell-0,2.456,2.456,2.7590000000000003,0.531,0.0,52.9412,27.236776,-98.846035,-10.804441,6,7.708568,-52.16485,62.365027,NS3_5G_LENA,,,
2026-09-28 12:14:16.360309+00:00,ue-2,cell-0,2.456,2.456,2.421,0.0,0.0,52.9412,55.525854,-78.528124,-10.79193,6,1.339407,-54.021173,-15.507561,NS3_5G_LENA,,,
2026-09-28 12:14:16.360309+00:00,ue-3,cell-0,2.456,2.456,2.519,0.337,0.0,52.9412,29.265391,-101.782168,-10.816607,6,5.557538,67.805865,3.815872,NS3_5G_LENA,,,
2026-09-28 12:14:16.360309+00:00,ue-4,cell-0,2.456,2.456,2.2790000000000004,0.0,0.0,52.9412,31.184824,-81.080262,-10.792024,6,1.371391,18.567162,9.449818,NS3_5G_LENA,,,
2026-09-28 12:14:16.360309+00:00,ue-5,cell-0,2.456,2.456,2.2070000000000003,0.0,0.0,52.9412,30.952602,-108.106417,-10.89719,6,4.584481,-95.703075,16.660115,NS3_5G_LENA,,,
2026-09-28 12:14:16.460309+00:00,ue-0,cell-0,2.456,2.456,2.564,0.0,0.0,51.967200000000005,30.991756,-76.999642,-10.791895,6,10.008028,59.201031,36.281762,NS3_5G_LENA,,,
2026-09-28 12:14:16.460309+00:00,ue-1,cell-0,2.456,2.456,2.7390000000000003,0.314,0.0,51.967200000000005,27.67699,-98.846035,-10.804441,6,7.708568,-51.818223,63.053555,NS3_5G_LENA,,,
2026-09-28 12:14:16.460309+00:00,ue-2,cell-0,2.456,2.456,2.421,0.0,0.0,51.967200000000005,54.843709,-78.528124,-10.79193,6,1.339407,-53.907009,-15.437513,NS3_5G_LENA,,,
2026-09-28 12:14:16.460309+00:00,ue-3,cell-0,2.456,2.456,2.424,0.149,0.0,51.967200000000005,28.527767,-101.782168,-10.816607,6,5.557538,68.241402,3.470663,NS3_5G_LENA,,,
2026-09-28 12:14:16.460309+00:00,ue-4,cell-0,2.456,2.456,2.2790000000000004,0.0,0.0,51.967200000000005,30.824078,-81.080262,-10.792024,6,1.371391,18.432782,9.422448,NS3_5G_LENA,,,
2026-09-28 12:14:16.460309+00:00,ue-5,cell-0,2.456,2.456,2.2070000000000003,0.0,0.0,51.967200000000005,31.187536,-108.106417,-10.89719,6,4.584481,-95.624195,16.208504,NS3_5G_LENA,,,
2026-09-28 12:14:16.560309+00:00,ue-0,cell-0,2.456,2.456,2.564,0.0,0.0,52.99,31.62524,-80.091592,-10.791981,6,10.008028,59.888523,37.009059,NS3_5G_LENA,,,
2026-09-28 12:14:16.560309+00:00,ue-1,cell-0,2.456,2.456,2.561,0.13699999999999998,0.0,52.99,29.558,-97.662061,-10.801431,6,7.708568,-51.471597,63.742083,NS3_5G_LENA,,,
2026-09-28 12:14:16.560309+00:00,ue-2,cell-0,2.456,2.456,2.421,0.0,0.0,52.99,56.121504,-78.61966,-10.791933,6,1.339407,-53.792845,-15.367466,NS3_5G_LENA,,,
2026-09-28 12:14:16.560309+00:00,ue-3,cell-0,2.456,2.456,2.35,0.0,0.0,52.99,30.713052,-102.1584,-10.818844,6,5.557538,68.676939,3.125453,NS3_5G_LENA,,,
2026-09-28 12:14:16.560309+00:00,ue-4,cell-0,2.456,2.456,2.2790000000000004,0.0,0.0,52.99,32.149805,-80.958691,-10.792018,6,1.371391,18.298402,9.395078,NS3_5G_LENA,,,
2026-09-28 12:14:16.560309+00:00,ue-5,cell-0,2.456,2.456,2.2070000000000003,0.0,0.0,52.99,30.722994,-107.85945,-10.891431,6,4.584481,-95.545315,15.756893,NS3_5G_LENA,,,
2026-09-28 12:14:16.660309+00:00,ue-0,cell-0,2.456,2.456,2.564,0.0,0.0,51.9868,31.687275,-80.091592,-10.791981,6,10.008028,60.576015,37.736356,NS3_5G_LENA,,,
2026-09-28 12:14:16.660309+00:00,ue-1,cell-0,2.456,2.456,2.67,0.354,0.0,51.9868,28.297183,-97.662061,-10.801431,6,7.708568,-51.12497,64.43061,NS3_5G_LENA,,,
2026-09-28 12:14:16.660309+00:00,ue-2,cell-0,2.456,2.456,2.421,0.0,0.0,51.9868,56.480149,-78.61966,-10.791933,6,1.339407,-53.67868,-15.297419,NS3_5G_LENA,,,
2026-09-28 12:14:16.660309+00:00,ue-3,cell-0,2.456,2.456,2.35,0.0,0.0,51.9868,28.926464,-102.1584,-10.818844,6,5.557538,69.112476,2.780243,NS3_5G_LENA,,,
2026-09-28 12:14:16.660309+00:00,ue-4,cell-0,2.456,2.456,2.2790000000000004,0.0,0.0,51.9868,32.042637,-80.958691,-10.792018,6,1.371391,18.164022,9.367707,NS3_5G_LENA,,,
2026-09-28 12:14:16.660309+00:00,ue-5,cell-0,2.456,2.456,2.2070000000000003,0.0,0.0,51.9868,30.200133,-107.85945,-10.891431,6,4.584481,-95.466435,15.305282,NS3_5G_LENA,,,
2026-09-28 12:14:16.760309+00:00,ue-0,cell-0,2.456,2.456,2.564,0.0,0.0,52.98009999999999,32.000258,-81.196398,-10.79203,6,10.008028,61.263508,38.463652,NS3_5G_LENA,,,
2026-09-28 12:14:16.760309+00:00,ue-1,cell-0,2.456,2.456,2.67,0.354,0.0,52.98009999999999,28.141417,-97.150574,-10.800363,6,7.708568,-50.778344,65.119138,NS3_5G_LENA,,,
2026-09-28 12:14:16.760309+00:00,ue-2,cell-0,2.456,2.456,2.421,0.0,0.0,52.98009999999999,56.291236,-77.508556,-10.791905,6,1.339407,-53.564516,-15.227372,NS3_5G_LENA,,,
2026-09-28 12:14:16.760309+00:00,ue-3,cell-0,2.456,2.456,2.35,0.0,0.0,52.98009999999999,30.722833,-102.598006,-10.821714,6,5.557538,69.548013,2.435033,NS3_5G_LENA,,,
2026-09-28 12:14:16.760309+00:00,ue-4,cell-0,2.456,2.456,2.2790000000000004,0.0,0.0,52.98009999999999,31.101761,-80.250977,-10.791987,6,1.371391,18.029642,9.340337,NS3_5G_LENA,,,
2026-09-28 12:14:16.760309+00:00,ue-5,cell-0,2.456,2.456,2.2070000000000003,0.0,0.0,52.98009999999999,30.810204,-108.566824,-10.908818,6,4.584481,-95.387555,14.853671,NS3_5G_LENA,,,
2026-09-28 12:14:16.860309+00:00,ue-0,cell-0,2.456,2.456,2.564,0.0,0.0,51.980199999999996,32.302173,-81.196398,-10.79203,6,10.008028,61.951,39.190949,NS3_5G_LENA,,,
2026-09-28 12:14:16.860309+00:00,ue-1,cell-0,2.456,2.456,2.7390000000000003,0.491,0.0,51.980199999999996,30.201201,-97.150574,-10.800363,6,7.708568,-50.431717,65.807666,NS3_5G_LENA,,,
2026-09-28 12:14:16.860309+00:00,ue-2,cell-0,2.456,2.456,2.421,0.0,0.0,51.980199999999996,56.36269,-77.508556,-10.791905,6,1.339407,-53.450352,-15.157324,NS3_5G_LENA,,,
2026-09-28 12:14:16.860309+00:00,ue-3,cell-0,2.456,2.456,2.35,0.0,0.0,51.980199999999996,31.226422,-102.598006,-10.821714,6,5.557538,69.98355,2.089823,NS3_5G_LENA,,,
2026-09-28 12:14:16.860309+00:00,ue-4,cell-0,2.456,2.456,2.2790000000000004,0.0,0.0,51.980199999999996,31.538979,-80.250977,-10.791987,6,1.371391,17.895262,9.312966,NS3_5G_LENA,,,
2026-09-28 12:14:16.860309+00:00,ue-5,cell-0,2.456,2.456,2.2070000000000003,0.0,0.0,51.980199999999996,30.315515,-108.566824,-10.908818,6,4.584481,-95.308675,14.40206,NS3_5G_LENA,,,
2026-09-28 12:14:16.960309+00:00,ue-0,cell-0,2.456,2.456,2.564,0.0,0.0,52.960499999999996,33.89068,-81.400176,-10.79204,6,10.008028,62.638493,39.918246,NS3_5G_LENA,,,
2026-09-28 12:14:16.960309+00:00,ue-1,cell-0,2.456,2.456,2.7390000000000003,0.491,0.0,52.960499999999996,27.281622,-96.776456,-10.799658,6,7.708568,-50.085091,66.496193,NS3_5G_LENA,,,
2026-09-28 12:14:16.960309+00:00,ue-2,cell-0,2.456,2.456,2.421,0.0,0.0,52.960499999999996,55.03109,-77.669513,-10.791909,6,1.339407,-53.336187,-15.087277,NS3_5G_LENA,,,
2026-09-28 12:14:16.960309+00:00,ue-3,cell-0,2.456,2.456,2.35,0.0,0.0,52.960499999999996,32.261423,-101.966419,-10.817679,6,5.557538,70.419087,1.744614,NS3_5G_LENA,,,
2026-09-28 12:14:16.960309+00:00,ue-4,cell-0,2.456,2.456,2.2790000000000004,0.0,0.0,52.960499999999996,31.753714,-80.59384,-10.792002,6,1.371391,17.760882,9.285596,NS3_5G_LENA,,,
2026-09-28 12:14:16.960309+00:00,ue-5,cell-0,2.456,2.456,2.2070000000000003,0.0,0.0,52.960499999999996,28.563331,-110.043484,-10.955319,6,4.584481,-95.229795,13.950449,NS3_5G_LENA,,,
2026-09-28 12:14:17.060309+00:00,ue-0,cell-0,2.456,2.456,2.564,0.0,0.0,51.9934,33.882527,-81.400176,-10.79204,6,10.008028,63.325985,40.645542,NS3_5G_LENA,,,
2026-09-28 12:14:17.060309+00:00,ue-1,cell-0,2.456,2.456,2.561,0.13699999999999998,0.0,51.9934,28.200995,-96.776456,-10.799658,6,7.708568,-49.738464,67.184721,NS3_5G_LENA,,,
2026-09-28 12:14:17.060309+00:00,ue-2,cell-0,2.456,2.456,2.421,0.0,0.0,51.9934,54.338802,-77.669513,-10.791909,6,1.339407,-53.222023,-15.01723,NS3_5G_LENA,,,
2026-09-28 12:14:17.060309+00:00,ue-3,cell-0,2.456,2.456,2.35,0.0,0.0,51.9934,33.24818,-101.966419,-10.817679,6,5.557538,70.854624,1.399404,NS3_5G_LENA,,,
2026-09-28 12:14:17.060309+00:00,ue-4,cell-0,2.456,2.456,2.2790000000000004,0.0,0.0,51.9934,31.795358,-80.59384,-10.792002,6,1.371391,17.626502,9.258225,NS3_5G_LENA,,,
2026-09-28 12:14:17.060309+00:00,ue-5,cell-0,2.456,2.456,2.2070000000000003,0.0,0.0,51.9934,27.03237,-110.043484,-10.955319,6,4.584481,-95.150915,13.498838,NS3_5G_LENA,,,
2026-09-28 12:14:17.160309+00:00,ue-0,cell-0,2.456,2.456,2.564,0.0,0.0,52.9508,35.492548,-81.167357,-10.792028,6,10.008028,64.013478,41.372839,NS3_5G_LENA,,,
2026-09-28 12:14:17.160309+00:00,ue-1,cell-0,2.456,2.456,2.807,0.491,0.0,52.9508,26.245719,-97.716034,-10.801551,6,7.708568,-49.391838,67.873249,NS3_5G_LENA,,,
2026-09-28 12:14:17.160309+00:00,ue-2,cell-0,2.456,2.456,2.421,0.0,0.0,52.9508,54.186889,-79.272854,-10.791952,6,1.339407,-53.107859,-14.947183,NS3_5G_LENA,,,
2026-09-28 12:14:17.160309+00:00,ue-3,cell-0,2.456,2.456,2.35,0.0,0.0,52.9508,35.571347,-100.698505,-10.811144,6,5.557538,71.290161,1.054194,NS3_5G_LENA,,,
2026-09-28 12:14:17.160309+00:00,ue-4,cell-0,2.456,2.456,2.2790000000000004,0.0,0.0,52.9508,32.076397,-79.587801,-10.791962,6,1.371391,17.492122,9.230855,NS3_5G_LENA,,,
2026-09-28 12:14:17.160309+00:00,ue-5,cell-0,2.456,2.456,2.2070000000000003,0.0,0.0,52.9508,28.694501,-112.224572,-11.058761,6,4.584481,-95.072036,13.047227,NS3_5G_LENA,,,
2026-09-28 12:14:17.260309+00:00,ue-0,cell-0,2.456,2.456,2.564,0.0,0.0,51.941700000000004,34.796599,-81.167357,-10.792028,6,10.008028,64.70097,42.100136,NS3_5G_LENA,,,
2026-09-28 12:14:17.260309+00:00,ue-1,cell-0,2.456,2.456,3.1809999999999996,1.377,0.0,51.941700000000004,27.040094,-97.716034,-10.801551,6,7.708568,-49.045211,68.561776,NS3_5G_LENA,,,
2026-09-28 12:14:17.260309+00:00,ue-2,cell-0,2.456,2.456,2.421,0.0,0.0,51.941700000000004,54.313719,-79.272854,-10.791952,6,1.339407,-52.993694,-14.877135,NS3_5G_LENA,,,
2026-09-28 12:14:17.260309+00:00,ue-3,cell-0,2.456,2.456,2.35,0.0,0.0,51.941700000000004,35.807506,-100.698505,-10.811144,6,5.557538,71.725698,0.708984,NS3_5G_LENA,,,
2026-09-28 12:14:17.260309+00:00,ue-4,cell-0,2.456,2.456,2.2790000000000004,0.0,0.0,51.941700000000004,31.922973,-79.587801,-10.791962,6,1.371391,17.357742,9.203484,NS3_5G_LENA,,,
2026-09-28 12:14:17.260309+00:00,ue-5,cell-0,2.456,2.456,2.2070000000000003,0.0,0.0,51.941700000000004,27.905088,-112.224572,-11.058761,6,4.584481,-94.993156,12.595615,NS3_5G_LENA,,,
2026-09-28 12:14:17.360309+00:00,ue-0,cell-0,2.456,2.456,2.564,0.0,0.0,52.9316,34.575685,-81.249035,-10.792032,6,10.008028,65.388462,42.827432,NS3_5G_LENA,,,
2026-09-28 12:14:17.360309+00:00,ue-1,cell-0,2.35776,2.456,3.0260000000000002,0.83,0.0,52.9316,25.901075,-98.523984,-10.80354,6,7.708568,-48.698585,69.250304,NS3_5G_LENA,,,
2026-09-28 12:14:17.360309+00:00,ue-2,cell-0,2.456,2.456,2.421,0.0,0.0,52.9316,54.165202,-79.297805,-10.791953,6,1.339407,-52.87953,-14.807088,NS3_5G_LENA,,,
2026-09-28 12:14:17.360309+00:00,ue-3,cell-0,2.456,2.456,2.35,0.0,0.0,52.9316,36.085884,-99.061161,-10.805081,6,5.557538,72.161235,0.363774,NS3_5G_LENA,,,
2026-09-28 12:14:17.360309+00:00,ue-4,cell-0,2.456,2.456,2.2790000000000004,0.0,0.0,52.9316,32.485352,-79.232116,-10.791951,6,1.371391,17.223362,9.176114,NS3_5G_LENA,,,
2026-09-28 12:14:17.360309+00:00,ue-5,cell-0,2.456,2.456,2.2070000000000003,0.0,0.0,52.9316,28.822424,-112.132652,-11.053336,6,4.584481,-94.914276,12.144004,NS3_5G_LENA,,,
2026-09-28 12:14:17.460309+00:00,ue-0,cell-0,2.456,2.456,2.564,0.0,0.0,51.9231,33.792222,-81.249035,-10.792032,6,10.008028,66.075955,43.554729,NS3_5G_LENA,,,
2026-09-28 12:14:17.460309+00:00,ue-1,cell-0,2.456,2.456,3.161,1.2489999999999999,0.0,51.9231,25.638705,-98.523984,-10.80354,6,7.708568,-48.351958,69.938832,NS3_5G_LENA,,,
2026-09-28 12:14:17.460309+00:00,ue-2,cell-0,2.456,2.456,2.421,0.0,0.0,51.9231,54.506178,-79.297805,-10.791953,6,1.339407,-52.765366,-14.737041,NS3_5G_LENA,,,
2026-09-28 12:14:17.460309+00:00,ue-3,cell-0,2.456,2.456,2.35,0.0,0.0,51.9231,36.56706,-99.061161,-10.805081,6,5.557538,72.596772,0.018565,NS3_5G_LENA,,,
2026-09-28 12:14:17.460309+00:00,ue-4,cell-0,2.456,2.456,2.2790000000000004,0.0,0.0,51.9231,31.369661,-79.232116,-10.791951,6,1.371391,17.088981,9.148743,NS3_5G_LENA,,,
2026-09-28 12:14:17.460309+00:00,ue-5,cell-0,2.456,2.456,2.2070000000000003,0.0,0.0,51.9231,28.043184,-112.132652,-11.053336,6,4.584481,-94.835396,11.692393,NS3_5G_LENA,,,
2026-09-28 12:14:17.560309+00:00,ue-0,cell-0,2.456,2.456,2.564,0.0,0.0,52.98009999999999,30.40267,-83.159316,-10.792154,6,10.008028,66.763447,44.282025,NS3_5G_LENA,,,
2026-09-28 12:14:17.560309+00:00,ue-1,cell-0,2.55424,2.456,2.663,0.34099999999999997,0.0,52.98009999999999,29.334345,-98.180331,-10.802649,6,7.708568,-48.005332,70.627359,NS3_5G_LENA,,,
2026-09-28 12:14:17.560309+00:00,ue-2,cell-0,2.456,2.456,2.421,0.0,0.0,52.98009999999999,54.018489,-79.312959,-10.791953,6,1.339407,-52.651201,-14.666994,NS3_5G_LENA,,,
2026-09-28 12:14:17.560309+00:00,ue-3,cell-0,2.456,2.456,2.35,0.0,0.0,52.98009999999999,35.78361,-99.735405,-10.807306,6,5.557538,73.032309,-0.326645,NS3_5G_LENA,,,
2026-09-28 12:14:17.560309+00:00,ue-4,cell-0,2.456,2.456,2.2790000000000004,0.0,0.0,52.98009999999999,31.487175,-79.089774,-10.791946,6,1.371391,16.954601,9.121373,NS3_5G_LENA,,,
2026-09-28 12:14:17.560309+00:00,ue-5,cell-0,2.456,2.456,2.2070000000000003,0.0,0.0,52.98009999999999,30.581369,-111.97818,-11.044458,6,4.584481,-94.756516,11.240782,NS3_5G_LENA,,,
2026-09-28 12:14:17.660309+00:00,ue-0,cell-0,2.456,2.456,2.564,0.0,0.0,52.0,31.889819,-83.159316,-10.792154,6,8.936384,67.518116,44.820532,NS3_5G_LENA,,,
2026-09-28 12:14:17.660309+00:00,ue-1,cell-0,2.456,2.456,2.493,0.0,0.0,52.0,31.319258,-98.180331,-10.802649,6,7.708568,-47.658705,71.315887,NS3_5G_LENA,,,
2026-09-28 12:14:17.660309+00:00,ue-2,cell-0,2.456,2.456,2.421,0.0,0.0,52.0,54.213283,-79.312959,-10.791953,6,1.339407,-52.537037,-14.596946,NS3_5G_LENA,,,
2026-09-28 12:14:17.660309+00:00,ue-3,cell-0,2.456,2.456,2.35,0.0,0.0,52.0,34.928094,-99.735405,-10.807306,6,5.557538,73.467846,-0.671855,NS3_5G_LENA,,,
2026-09-28 12:14:17.660309+00:00,ue-4,cell-0,2.456,2.456,2.2790000000000004,0.0,0.0,52.0,31.134978,-79.089774,-10.791946,6,1.371391,16.820221,9.094003,NS3_5G_LENA,,,
2026-09-28 12:14:17.660309+00:00,ue-5,cell-0,2.456,2.456,2.2070000000000003,0.0,0.0,52.0,27.944034,-111.97818,-11.044458,6,4.584481,-94.677636,10.789171,NS3_5G_LENA,,,
2026-09-28 12:14:17.760309+00:00,ue-0,cell-0,2.456,2.456,2.564,0.0,0.0,53.0,30.990538,-84.859678,-10.792318,6,8.936384,68.337464,45.177264,NS3_5G_LENA,,,
2026-09-28 12:14:17.760309+00:00,ue-1,cell-0,2.456,2.456,2.493,0.0,0.0,53.0,34.042865,-93.234332,-10.795285,6,7.708568,-47.312079,72.004415,NS3_5G_LENA,,,
2026-09-28 12:14:17.760309+00:00,ue-2,cell-0,2.456,2.456,2.421,0.0,0.0,53.0,53.570595,-79.354937,-10.791955,6,1.339407,-52.422873,-14.526899,NS3_5G_LENA,,,
2026-09-28 12:14:17.760309+00:00,ue-3,cell-0,2.456,2.456,2.35,0.0,0.0,53.0,35.131232,-100.856464,-10.811859,6,7.451667,73.673597,-0.674162,NS3_5G_LENA,,,
2026-09-28 12:14:17.760309+00:00,ue-4,cell-0,2.456,2.456,2.2790000000000004,0.0,0.0,53.0,30.984371,-79.481373,-10.791959,6,1.371391,16.685841,9.066632,NS3_5G_LENA,,,
2026-09-28 12:14:17.760309+00:00,ue-5,cell-0,2.456,2.456,2.2070000000000003,0.0,0.0,53.0,29.061297,-112.584493,-11.081075,6,4.584481,-94.598756,10.33756,NS3_5G_LENA,,,
2026-09-28 12:14:17.860309+00:00,ue-0,cell-0,2.456,2.456,2.564,0.0,0.0,52.0,30.072308,-84.859678,-10.792318,6,8.936384,69.156813,45.533996,NS3_5G_LENA,,,
2026-09-28 12:14:17.860309+00:00,ue-1,cell-0,2.456,2.456,2.493,0.0,0.0,52.0,33.44167,-93.234332,-10.795285,6,7.708568,-46.965452,72.692942,NS3_5G_LENA,,,
2026-09-28 12:14:17.860309+00:00,ue-2,cell-0,2.456,2.456,2.421,0.0,0.0,52.0,54.095579,-79.354937,-10.791955,6,1.339407,-52.308709,-14.456852,NS3_5G_LENA,,,
2026-09-28 12:14:17.860309+00:00,ue-3,cell-0,2.456,2.456,2.35,0.0,0.0,52.0,35.615776,-100.856464,-10.811859,6,7.451667,73.410589,0.023047,NS3_5G_LENA,,,
2026-09-28 12:14:17.860309+00:00,ue-4,cell-0,2.456,2.456,2.2790000000000004,0.0,0.0,52.0,31.278239,-79.481373,-10.791959,6,1.371391,16.551461,9.039262,NS3_5G_LENA,,,
2026-09-28 12:14:17.860309+00:00,ue-5,cell-0,2.456,2.456,2.2070000000000003,0.0,0.0,52.0,29.083445,-112.584493,-11.081075,6,4.584481,-94.519876,9.885949,NS3_5G_LENA,,,
2026-09-28 12:14:17.960309+00:00,ue-0,cell-0,2.456,2.456,2.564,0.0,0.0,53.0,33.39399,-85.371135,-10.792381,6,8.936384,69.976161,45.890728,NS3_5G_LENA,,,
2026-09-28 12:14:17.960309+00:00,ue-1,cell-0,2.456,2.456,2.493,0.0,0.0,53.0,33.334534,-91.681701,-10.794242,6,7.708568,-46.618826,73.38147,NS3_5G_LENA,,,
2026-09-28 12:14:17.960309+00:00,ue-2,cell-0,2.456,2.456,2.421,0.0,0.0,53.0,54.51486,-79.173682,-10.791949,6,1.339407,-52.194544,-14.386805,NS3_5G_LENA,,,
2026-09-28 12:14:17.960309+00:00,ue-3,cell-0,2.456,2.456,2.35,0.0,0.0,53.0,33.63074,-101.231447,-10.813662,6,7.451667,73.147581,0.720255,NS3_5G_LENA,,,
2026-09-28 12:14:17.960309+00:00,ue-4,cell-0,2.456,2.456,2.2790000000000004,0.0,0.0,53.0,30.111815,-79.119331,-10.791947,6,1.371391,16.417081,9.011891,NS3_5G_LENA,,,
2026-09-28 12:14:17.960309+00:00,ue-5,cell-0,2.456,2.456,2.2070000000000003,0.0,0.0,53.0,28.52614,-112.030352,-11.047423,6,4.584481,-94.440996,9.434338,NS3_5G_LENA,,,
2026-09-28 12:14:18.060309+00:00,ue-0,cell-0,2.456,2.456,2.564,0.0,0.0,52.0,33.450925,-85.371135,-10.792381,6,8.936384,70.795509,46.247461,NS3_5G_LENA,,,
2026-09-28 12:14:18.060309+00:00,ue-1,cell-0,2.456,2.456,2.493,0.0,0.0,52.0,33.36565,-91.681701,-10.794242,6,7.708568,-46.272199,74.069997,NS3_5G_LENA,,,
2026-09-28 12:14:18.060309+00:00,ue-2,cell-0,2.456,2.456,2.421,0.0,0.0,52.0,54.469566,-79.173682,-10.791949,6,1.339407,-52.08038,-14.316758,NS3_5G_LENA,,,
2026-09-28 12:14:18.060309+00:00,ue-3,cell-0,2.456,2.456,2.35,0.0,0.0,52.0,31.872223,-101.231447,-10.813662,6,7.451667,72.884573,1.417464,NS3_5G_LENA,,,
2026-09-28 12:14:18.060309+00:00,ue-4,cell-0,2.456,2.456,2.2790000000000004,0.0,0.0,52.0,30.249966,-79.119331,-10.791947,6,1.371391,16.282701,8.984521,NS3_5G_LENA,,,
2026-09-28 12:14:18.060309+00:00,ue-5,cell-0,2.456,2.456,2.2070000000000003,0.0,0.0,52.0,27.713856,-112.030352,-11.047423,6,4.584481,-94.362116,8.982727,NS3_5G_LENA,,,
2026-09-28 12:14:18.160309+00:00,ue-0,cell-0,2.456,2.456,2.564,0.0,0.0,52.99,32.336043,-83.099101,-10.792149,6,8.936384,71.614857,46.604193,NS3_5G_LENA,,,
2026-09-28 12:14:18.160309+00:00,ue-1,cell-0,2.456,2.456,2.493,0.0,0.0,52.99,33.267137,-92.830754,-10.794977,6,7.708568,-45.925572,74.758525,NS3_5G_LENA,,,
2026-09-28 12:14:18.160309+00:00,ue-2,cell-0,2.456,2.456,2.421,0.0,0.0,52.99,55.294277,-78.769263,-10.791937,6,1.339407,-51.966216,-14.24671,NS3_5G_LENA,,,
2026-09-28 12:14:18.160309+00:00,ue-3,cell-0,2.456,2.456,2.35,0.0,0.0,52.99,28.943517,-103.618971,-10.829604,6,7.451667,72.621566,2.114673,NS3_5G_LENA,,,
2026-09-28 12:14:18.160309+00:00,ue-4,cell-0,2.456,2.456,2.376,0.194,0.0,52.99,31.003173,-79.078286,-10.791946,6,1.371391,16.148321,8.95715,NS3_5G_LENA,,,
2026-09-28 12:14:18.160309+00:00,ue-5,cell-0,2.456,2.456,2.2070000000000003,0.0,0.0,52.99,27.175596,-113.851841,-11.174881,6,4.584481,-94.283237,8.531115,NS3_5G_LENA,,,
2026-09-28 12:14:18.260309+00:00,ue-0,cell-0,2.456,2.456,2.564,0.0,0.0,52.0,32.078633,-83.099101,-10.792149,6,8.936384,72.434206,46.960925,NS3_5G_LENA,,,
2026-09-28 12:14:18.260309+00:00,ue-1,cell-0,2.456,2.456,2.493,0.0,0.0,52.0,34.945555,-92.830754,-10.794977,6,7.708568,-45.578946,75.447053,NS3_5G_LENA,,,
2026-09-28 12:14:18.260309+00:00,ue-2,cell-0,2.456,2.456,2.421,0.0,0.0,52.0,55.365775,-78.769263,-10.791937,6,1.339407,-51.852051,-14.176663,NS3_5G_LENA,,,
2026-09-28 12:14:18.260309+00:00,ue-3,cell-0,2.456,2.456,2.35,0.0,0.0,52.0,26.587558,-103.618971,-10.829604,6,7.451667,72.358558,2.811882,NS3_5G_LENA,,,
2026-09-28 12:14:18.260309+00:00,ue-4,cell-0,2.456,2.456,2.2790000000000004,0.0,0.0,52.0,32.13553,-79.078286,-10.791946,6,1.371391,16.013941,8.92978,NS3_5G_LENA,,,
2026-09-28 12:14:18.260309+00:00,ue-5,cell-0,2.456,2.456,2.2070000000000003,0.0,0.0,52.0,25.766056,-113.851841,-11.174881,6,4.584481,-94.204357,8.079504,NS3_5G_LENA,,,
2026-09-28 12:14:18.360309+00:00,ue-0,cell-0,2.456,2.456,2.564,0.0,0.0,52.9508,32.736358,-84.229006,-10.792249,6,8.936384,73.253554,47.317657,NS3_5G_LENA,,,
2026-09-28 12:14:18.360309+00:00,ue-1,cell-0,2.456,2.456,2.493,0.0,0.0,52.9508,34.029825,-91.763208,-10.794288,6,7.708568,-45.232319,76.13558,NS3_5G_LENA,,,
2026-09-28 12:14:18.360309+00:00,ue-2,cell-0,2.456,2.456,2.421,0.0,0.0,52.9508,54.948421,-78.190717,-10.791921,6,1.339407,-51.737887,-14.106616,NS3_5G_LENA,,,
2026-09-28 12:14:18.360309+00:00,ue-3,cell-0,2.456,2.456,2.613,0.526,0.0,52.9508,26.122542,-106.992883,-10.87358,6,7.451667,72.09555,3.509091,NS3_5G_LENA,,,
2026-09-28 12:14:18.360309+00:00,ue-4,cell-0,2.456,2.456,2.2790000000000004,0.0,0.0,52.9508,31.733338,-77.452269,-10.791904,6,1.371391,15.879561,8.902409,NS3_5G_LENA,,,
2026-09-28 12:14:18.360309+00:00,ue-5,cell-0,2.456,2.456,2.2070000000000003,0.0,0.0,52.9508,25.17846,-115.531321,-11.344634,6,4.584481,-94.125477,7.627893,NS3_5G_LENA,,,
2026-09-28 12:14:18.460309+00:00,ue-0,cell-0,2.456,2.456,2.564,0.0,0.0,51.904799999999994,32.484441,-84.229006,-10.792249,6,8.936384,74.072902,47.67439,NS3_5G_LENA,,,
2026-09-28 12:14:18.460309+00:00,ue-1,cell-0,2.456,2.456,2.493,0.0,0.0,51.904799999999994,32.634514,-91.763208,-10.794288,6,7.708568,-44.885693,76.824108,NS3_5G_LENA,,,
2026-09-28 12:14:18.460309+00:00,ue-2,cell-0,2.456,2.456,2.421,0.0,0.0,51.904799999999994,55.904291,-78.190717,-10.791921,6,1.339407,-51.623723,-14.036569,NS3_5G_LENA,,,
2026-09-28 12:14:18.460309+00:00,ue-3,cell-0,2.456,2.456,3.179,1.469,0.0,51.904799999999994,26.161576,-106.992883,-10.87358,6,7.451667,71.832542,4.2063,NS3_5G_LENA,,,
2026-09-28 12:14:18.460309+00:00,ue-4,cell-0,2.456,2.456,2.2790000000000004,0.0,0.0,51.904799999999994,32.098612,-77.452269,-10.791904,6,1.371391,15.745181,8.875039,NS3_5G_LENA,,,
2026-09-28 12:14:18.460309+00:00,ue-5,cell-0,2.456,2.456,2.2070000000000003,0.0,0.0,51.904799999999994,26.214373,-115.531321,-11.344634,6,4.584481,-94.046597,7.176282,NS3_5G_LENA,,,
2026-09-28 12:14:18.560309+00:00,ue-0,cell-0,2.456,2.456,2.564,0.0,0.0,52.884600000000006,33.392066,-82.83226,-10.792129,6,8.936384,74.892251,48.031122,NS3_5G_LENA,,,
2026-09-28 12:14:18.560309+00:00,ue-1,cell-0,2.456,2.456,2.493,0.0,0.0,52.884600000000006,32.348578,-92.999485,-10.795102,6,7.708568,-44.539066,77.512636,NS3_5G_LENA,,,
2026-09-28 12:14:18.560309+00:00,ue-2,cell-0,2.456,2.456,2.421,0.0,0.0,52.884600000000006,56.080052,-77.434284,-10.791904,6,1.339407,-51.509558,-13.966521,NS3_5G_LENA,,,
2026-09-28 12:14:18.560309+00:00,ue-3,cell-0,2.35776,2.456,3.115,1.5299999999999998,0.0,52.884600000000006,25.488427,-106.468021,-10.864349,6,7.451667,71.569534,4.903509,NS3_5G_LENA,,,
2026-09-28 12:14:18.560309+00:00,ue-4,cell-0,2.456,2.456,2.2790000000000004,0.0,0.0,52.884600000000006,31.58552,-76.901323,-10.791893,6,1.371391,15.610801,8.847669,NS3_5G_LENA,,,
2026-09-28 12:14:18.560309+00:00,ue-5,cell-0,2.456,2.456,2.2070000000000003,0.0,0.0,52.884600000000006,25.586786,-115.522709,-11.343605,6,4.584481,-93.967717,6.724671,NS3_5G_LENA,,,
2026-09-28 12:14:18.660309+00:00,ue-0,cell-0,2.456,2.456,2.564,0.0,0.0,51.9737,37.003572,-82.83226,-10.792129,6,8.936384,75.711599,48.387854,NS3_5G_LENA,,,
2026-09-28 12:14:18.660309+00:00,ue-1,cell-0,2.456,2.456,2.493,0.0,0.0,51.9737,32.832002,-92.999485,-10.795102,6,7.708568,-44.19244,78.201163,NS3_5G_LENA,,,
2026-09-28 12:14:18.660309+00:00,ue-2,cell-0,2.456,2.456,2.421,0.0,0.0,51.9737,56.551583,-77.434284,-10.791904,6,1.339407,-51.395394,-13.896474,NS3_5G_LENA,,,
2026-09-28 12:14:18.660309+00:00,ue-3,cell-0,2.55424,2.456,2.6220000000000003,0.544,0.0,51.9737,22.586972,-106.468021,-10.864349,6,7.451667,71.306527,5.600718,NS3_5G_LENA,,,
2026-09-28 12:14:18.660309+00:00,ue-4,cell-0,2.456,2.456,2.2790000000000004,0.0,0.0,51.9737,31.453913,-76.901323,-10.791893,6,1.371391,15.476421,8.820298,NS3_5G_LENA,,,
2026-09-28 12:14:18.660309+00:00,ue-5,cell-0,2.456,2.456,2.2070000000000003,0.0,0.0,51.9737,26.548526,-115.522709,-11.343605,6,4.584481,-93.888837,6.27306,NS3_5G_LENA,,,
2026-09-28 12:14:18.760309+00:00,ue-0,cell-0,2.456,2.456,2.564,0.0,0.0,52.960499999999996,34.785494,-80.082249,-10.791981,6,8.936384,76.530947,48.744586,NS3_5G_LENA,,,
2026-09-28 12:14:18.760309+00:00,ue-1,cell-0,2.456,2.456,2.493,0.0,0.0,52.960499999999996,32.238466,-94.759624,-10.796745,6,7.708568,-43.845813,78.889691,NS3_5G_LENA,,,
2026-09-28 12:14:18.760309+00:00,ue-2,cell-0,2.456,2.456,2.421,0.0,0.0,52.960499999999996,56.328705,-76.845793,-10.791892,6,1.339407,-51.28123,-13.826427,NS3_5G_LENA,,,
2026-09-28 12:14:18.760309+00:00,ue-3,cell-0,2.456,2.456,2.539,0.377,0.0,52.960499999999996,22.167936,-108.401253,-10.904497,6,7.451667,71.043519,6.297927,NS3_5G_LENA,,,
2026-09-28 12:14:18.760309+00:00,ue-4,cell-0,2.456,2.456,2.2790000000000004,0.0,0.0,52.960499999999996,31.161012,-76.798849,-10.791891,6,1.371391,15.342041,8.792928,NS3_5G_LENA,,,
2026-09-28 12:14:18.760309+00:00,ue-5,cell-0,2.456,2.456,2.2070000000000003,0.0,0.0,52.960499999999996,24.538749,-116.277553,-11.440873,6,4.584481,-93.809957,5.821449,NS3_5G_LENA,,,
2026-09-28 12:14:18.860309+00:00,ue-0,cell-0,2.456,2.456,2.564,0.0,0.0,51.9737,36.024551,-80.082249,-10.791981,6,8.936384,77.350296,49.101318,NS3_5G_LENA,,,
2026-09-28 12:14:18.860309+00:00,ue-1,cell-0,2.456,2.456,2.493,0.0,0.0,51.9737,30.701687,-94.759624,-10.796745,6,1.125005,-43.556463,79.469176,NS3_5G_LENA,,,
2026-09-28 12:14:18.860309+00:00,ue-2,cell-0,2.456,2.456,2.421,0.0,0.0,51.9737,57.453427,-76.845793,-10.791892,6,1.339407,-51.167065,-13.75638,NS3_5G_LENA,,,
2026-09-28 12:14:18.860309+00:00,ue-3,cell-0,2.456,2.456,2.613,0.377,0.0,51.9737,21.861899,-108.401253,-10.904497,6,7.451667,70.780511,6.995136,NS3_5G_LENA,,,
2026-09-28 12:14:18.860309+00:00,ue-4,cell-0,2.456,2.456,2.2790000000000004,0.0,0.0,51.9737,30.493687,-76.798849,-10.791891,6,1.371391,15.207661,8.765557,NS3_5G_LENA,,,
2026-09-28 12:14:18.860309+00:00,ue-5,cell-0,2.456,2.456,2.2070000000000003,0.0,0.0,51.9737,24.180488,-116.277553,-11.440873,6,4.584481,-93.731077,5.369838,NS3_5G_LENA,,,
2026-09-28 12:14:18.960309+00:00,ue-0,cell-0,2.456,2.456,2.564,0.0,0.0,52.98009999999999,36.970826,-79.166061,-10.791949,6,8.936384,78.169644,49.458051,NS3_5G_LENA,,,
2026-09-28 12:14:18.960309+00:00,ue-1,cell-0,2.456,2.456,2.493,0.0,0.0,52.98009999999999,31.717089,-95.558122,-10.79774,6,1.125005,-43.516294,79.574261,NS3_5G_LENA,,,
2026-09-28 12:14:18.960309+00:00,ue-2,cell-0,2.456,2.456,2.421,0.0,0.0,52.98009999999999,56.401707,-76.245718,-10.791882,6,1.339407,-51.052901,-13.686332,NS3_5G_LENA,,,
2026-09-28 12:14:18.960309+00:00,ue-3,cell-0,2.456,2.456,2.444,0.189,0.0,52.98009999999999,19.849508,-108.090633,-10.896812,6,7.451667,70.517503,7.692344,NS3_5G_LENA,,,
2026-09-28 12:14:18.960309+00:00,ue-4,cell-0,2.456,2.456,2.2790000000000004,0.0,0.0,52.98009999999999,30.550302,-76.871219,-10.791893,6,1.371391,15.07328,8.738187,NS3_5G_LENA,,,
2026-09-28 12:14:18.960309+00:00,ue-5,cell-0,2.456,2.456,2.2070000000000003,0.0,0.0,52.98009999999999,23.59183,-118.002796,-11.725392,6,4.584481,-93.652197,4.918227,NS3_5G_LENA,,,
2026-09-28 12:14:19.060309+00:00,ue-0,cell-0,2.456,2.456,2.564,0.0,0.0,51.9608,36.897651,-79.166061,-10.791949,6,8.936384,78.988992,49.814783,NS3_5G_LENA,,,
2026-09-28 12:14:19.060309+00:00,ue-1,cell-0,2.456,2.456,2.493,0.0,0.0,51.9608,31.87327,-95.558122,-10.79774,6,1.125005,-43.476126,79.679346,NS3_5G_LENA,,,
2026-09-28 12:14:19.060309+00:00,ue-2,cell-0,2.456,2.456,2.421,0.0,0.0,51.9608,57.559899,-76.245718,-10.791882,6,1.339407,-50.938737,-13.616285,NS3_5G_LENA,,,
2026-09-28 12:14:19.060309+00:00,ue-3,cell-0,2.456,2.456,2.727,0.754,0.0,51.9608,21.3834,-108.090633,-10.896812,6,7.451667,70.254495,8.389553,NS3_5G_LENA,,,
2026-09-28 12:14:19.060309+00:00,ue-4,cell-0,2.456,2.456,2.2790000000000004,0.0,0.0,51.9608,29.732028,-76.871219,-10.791893,6,1.371391,14.9389,8.710816,NS3_5G_LENA,,,
2026-09-28 12:14:19.060309+00:00,ue-5,cell-0,2.456,2.456,2.2070000000000003,0.0,0.0,51.9608,24.421106,-118.002796,-11.725392,6,4.584481,-93.573318,4.466615,NS3_5G_LENA,,,
2026-09-28 12:14:19.160309+00:00,ue-0,cell-0,2.456,2.456,2.564,0.0,0.0,52.99,36.418834,-77.941386,-10.791915,6,8.936384,79.808341,50.171515,NS3_5G_LENA,,,
2026-09-28 12:14:19.160309+00:00,ue-1,cell-0,2.456,2.456,2.493,0.0,0.0,52.99,30.865167,-95.246491,-10.79733,6,1.125005,-43.435958,79.784431,NS3_5G_LENA,,,
2026-09-28 12:14:19.160309+00:00,ue-2,cell-0,2.456,2.456,2.421,0.0,0.0,52.99,56.876791,-75.920154,-10.791877,6,1.339407,-50.824573,-13.546238,NS3_5G_LENA,,,
2026-09-28 12:14:19.160309+00:00,ue-3,cell-0,2.456,2.456,2.444,0.189,0.0,52.99,21.035896,-107.67023,-10.88723,6,7.451667,69.991487,9.086762,NS3_5G_LENA,,,
2026-09-28 12:14:19.160309+00:00,ue-4,cell-0,2.456,2.456,2.2790000000000004,0.0,0.0,52.99,29.509907,-77.119155,-10.791897,6,1.371391,14.80452,8.683446,NS3_5G_LENA,,,
2026-09-28 12:14:19.160309+00:00,ue-5,cell-0,2.456,2.456,2.2070000000000003,0.0,0.0,52.99,24.022664,-117.476099,-11.628373,6,4.584481,-93.494438,4.015004,NS3_5G_LENA,,,
2026-09-28 12:14:19.260309+00:00,ue-0,cell-0,2.456,2.456,2.564,0.0,0.0,51.9868,35.32773,-77.941386,-10.791915,6,8.936384,80.627689,50.528247,NS3_5G_LENA,,,
2026-09-28 12:14:19.260309+00:00,ue-1,cell-0,2.456,2.456,2.493,0.0,0.0,51.9868,31.620678,-95.246491,-10.79733,6,1.125005,-43.39579,79.889517,NS3_5G_LENA,,,
2026-09-28 12:14:19.260309+00:00,ue-2,cell-0,2.456,2.456,2.421,0.0,0.0,51.9868,56.08482,-75.920154,-10.791877,6,1.339407,-50.710408,-13.476191,NS3_5G_LENA,,,
2026-09-28 12:14:19.260309+00:00,ue-3,cell-0,2.456,2.456,2.35,0.0,0.0,51.9868,22.672678,-107.67023,-10.88723,6,7.451667,69.72848,9.783971,NS3_5G_LENA,,,
2026-09-28 12:14:19.260309+00:00,ue-4,cell-0,2.456,2.456,2.433,0.309,0.0,51.9868,28.832979,-77.119155,-10.791897,6,1.371391,14.67014,8.656075,NS3_5G_LENA,,,
2026-09-28 12:14:19.260309+00:00,ue-5,cell-0,2.456,2.456,2.2070000000000003,0.0,0.0,51.9868,25.392032,-117.476099,-11.628373,6,4.584481,-93.415558,3.563393,NS3_5G_LENA,,,
2026-09-28 12:14:19.360309+00:00,ue-0,cell-0,2.456,2.456,2.564,0.0,0.0,52.99,32.438214,-79.472316,-10.791959,6,8.936384,81.447037,50.88498,NS3_5G_LENA,,,
2026-09-28 12:14:19.360309+00:00,ue-1,cell-0,2.456,2.456,2.493,0.0,0.0,52.99,31.934066,-95.494938,-10.797655,6,1.125005,-43.355622,79.994602,NS3_5G_LENA,,,
2026-09-28 12:14:19.360309+00:00,ue-2,cell-0,2.456,2.456,2.421,0.0,0.0,52.99,56.088069,-76.686151,-10.791889,6,1.339407,-50.596244,-13.406143,NS3_5G_LENA,,,
2026-09-28 12:14:19.360309+00:00,ue-3,cell-0,2.456,2.456,2.35,0.0,0.0,52.99,21.575144,-106.186363,-10.859829,6,7.451667,69.465472,10.48118,NS3_5G_LENA,,,
2026-09-28 12:14:19.360309+00:00,ue-4,cell-0,2.456,2.456,2.356,0.154,0.0,52.99,27.769397,-77.637402,-10.791908,6,1.371391,14.53576,8.628705,NS3_5G_LENA,,,
2026-09-28 12:14:19.360309+00:00,ue-5,cell-0,2.456,2.456,2.2070000000000003,0.0,0.0,52.99,26.318356,-115.790553,-11.376444,6,4.584481,-93.336678,3.111782,NS3_5G_LENA,,,
2026-09-28 12:14:19.460309+00:00,ue-0,cell-0,2.456,2.456,2.564,0.0,0.0,51.941700000000004,31.695132,-79.472316,-10.791959,6,8.936384,82.266386,51.241712,NS3_5G_LENA,,,
2026-09-28 12:14:19.460309+00:00,ue-1,cell-0,2.456,2.456,2.493,0.0,0.0,51.941700000000004,31.507069,-95.494938,-10.797655,6,1.125005,-43.315454,80.099687,NS3_5G_LENA,,,
2026-09-28 12:14:19.460309+00:00,ue-2,cell-0,2.456,2.456,2.421,0.0,0.0,51.941700000000004,55.844394,-76.686151,-10.791889,6,1.339407,-50.48208,-13.336096,NS3_5G_LENA,,,
2026-09-28 12:14:19.460309+00:00,ue-3,cell-0,2.456,2.456,2.747,0.794,0.0,51.941700000000004,21.561375,-106.186363,-10.859829,6,7.451667,69.202464,11.178389,NS3_5G_LENA,,,
2026-09-28 12:14:19.460309+00:00,ue-4,cell-0,2.456,2.456,2.5500000000000003,0.5429999999999999,0.0,51.941700000000004,27.530156,-77.637402,-10.791908,6,1.371391,14.40138,8.601334,NS3_5G_LENA,,,
2026-09-28 12:14:19.460309+00:00,ue-5,cell-0,2.456,2.456,2.2070000000000003,0.0,0.0,51.941700000000004,24.930454,-115.790553,-11.376444,6,8.16344,-93.49226,2.767678,NS3_5G_LENA,,,
2026-09-28 12:14:19.560309+00:00,ue-0,cell-0,2.456,2.456,2.564,0.0,0.0,52.9412,31.076151,-82.250897,-10.792089,6,8.936384,83.085734,51.598444,NS3_5G_LENA,,,
2026-09-28 12:14:19.560309+00:00,ue-1,cell-0,2.456,2.456,2.493,0.0,0.0,52.9412,31.500974,-95.030663,-10.797063,6,1.125005,-43.275286,80.204772,NS3_5G_LENA,,,
2026-09-28 12:14:19.560309+00:00,ue-2,cell-0,2.456,2.456,2.421,0.0,0.0,52.9412,54.681393,-77.302147,-10.791901,6,1.339407,-50.367915,-13.266049,NS3_5G_LENA,,,
2026-09-28 12:14:19.560309+00:00,ue-3,cell-0,2.456,2.456,2.653,0.606,0.0,52.9412,22.15139,-105.932229,-10.855992,6,7.451667,68.939456,11.875598,NS3_5G_LENA,,,
2026-09-28 12:14:19.560309+00:00,ue-4,cell-0,2.35776,2.456,2.4810000000000003,0.40499999999999997,0.0,52.9412,27.866052,-78.013136,-10.791917,6,1.371391,14.267,8.573964,NS3_5G_LENA,,,
2026-09-28 12:14:19.560309+00:00,ue-5,cell-0,2.456,2.456,2.2070000000000003,0.0,0.0,52.9412,24.343529,-116.508423,-11.473665,6,8.16344,-94.307543,2.726064,NS3_5G_LENA,,,
2026-09-28 12:14:19.660309+00:00,ue-0,cell-0,2.456,2.456,2.564,0.0,0.0,51.9544,30.053705,-82.250897,-10.792089,6,8.936384,83.905082,51.955176,NS3_5G_LENA,,,
2026-09-28 12:14:19.660309+00:00,ue-1,cell-0,2.456,2.456,2.493,0.0,0.0,51.9544,32.682477,-95.030663,-10.797063,6,1.125005,-43.235118,80.309857,NS3_5G_LENA,,,
2026-09-28 12:14:19.660309+00:00,ue-2,cell-0,2.456,2.456,2.421,0.0,0.0,51.9544,55.829846,-77.302147,-10.791901,6,1.339407,-50.253751,-13.196002,NS3_5G_LENA,,,
2026-09-28 12:14:19.660309+00:00,ue-3,cell-0,2.456,2.456,2.7070000000000003,0.714,0.0,51.9544,21.912823,-105.932229,-10.855992,6,7.451667,68.676448,12.572807,NS3_5G_LENA,,,
2026-09-28 12:14:19.660309+00:00,ue-4,cell-0,2.55424,2.456,2.4459999999999997,0.335,0.0,51.9544,27.960759,-78.013136,-10.791917,6,1.371391,14.13262,8.546594,NS3_5G_LENA,,,
2026-09-28 12:14:19.660309+00:00,ue-5,cell-0,2.456,2.456,2.2070000000000003,0.0,0.0,51.9544,22.788009,-116.508423,-11.473665,6,8.16344,-95.122825,2.684451,NS3_5G_LENA,,,
2026-09-28 12:14:19.760309+00:00,ue-0,cell-0,2.456,2.456,2.564,0.0,0.0,52.848099999999995,30.744218,-82.780006,-10.792125,6,8.936384,84.72443,52.311909,NS3_5G_LENA,,,
2026-09-28 12:14:19.760309+00:00,ue-1,cell-0,2.456,2.456,2.493,0.0,0.0,52.848099999999995,33.238632,-94.751836,-10.796737,6,1.125005,-43.19495,80.414942,NS3_5G_LENA,,,
2026-09-28 12:14:19.760309+00:00,ue-2,cell-0,2.456,2.456,2.421,0.0,0.0,52.848099999999995,56.030082,-76.979643,-10.791895,6,1.339407,-50.139587,-13.125954,NS3_5G_LENA,,,
2026-09-28 12:14:19.760309+00:00,ue-3,cell-0,2.456,2.456,3.0100000000000002,1.32,0.0,52.848099999999995,21.01728,-105.576182,-10.850975,6,7.451667,68.41344,13.270016,NS3_5G_LENA,,,
2026-09-28 12:14:19.760309+00:00,ue-4,cell-0,2.456,2.456,2.6470000000000002,0.737,0.0,52.848099999999995,26.773305,-77.223157,-10.791899,6,1.371391,13.99824,8.519223,NS3_5G_LENA,,,
2026-09-28 12:14:19.760309+00:00,ue-5,cell-0,2.456,2.456,2.2070000000000003,0.0,0.0,52.848099999999995,23.757129,-117.930831,-11.711565,6,8.16344,-95.938108,2.642837,NS3_5G_LENA,,,
2026-09-28 12:14:19.860309+00:00,ue-0,cell-0,2.456,2.456,2.564,0.0,0.0,52.1193,30.204757,-82.780006,-10.792125,6,8.936384,85.543779,52.668641,NS3_5G_LENA,,,
2026-09-28 12:14:19.860309+00:00,ue-1,cell-0,2.456,2.456,2.493,0.0,0.0,52.1193,32.007639,-94.751836,-10.796737,6,1.125005,-43.154781,80.520027,NS3_5G_LENA,,,
2026-09-28 12:14:19.860309+00:00,ue-2,cell-0,2.456,2.456,2.421,0.0,0.0,52.1193,54.991705,-76.979643,-10.791895,6,1.339407,-50.025422,-13.055907,NS3_5G_LENA,,,
2026-09-28 12:14:19.860309+00:00,ue-3,cell-0,2.456,2.456,2.974,1.1460000000000001,0.0,52.1193,20.672654,-105.576182,-10.850975,6,7.451667,68.150433,13.967224,NS3_5G_LENA,,,
2026-09-28 12:14:19.860309+00:00,ue-4,cell-0,2.456,2.456,2.6670000000000003,0.777,0.0,52.1193,25.845633,-77.223157,-10.791899,6,1.371391,13.86386,8.491853,NS3_5G_LENA,,,
2026-09-28 12:14:19.860309+00:00,ue-5,cell-0,2.456,2.456,2.2070000000000003,0.0,0.0,52.1193,24.536594,-117.930831,-11.711565,6,8.16344,-96.753391,2.601223,NS3_5G_LENA,,,
2026-09-28 12:14:19.960309+00:00,ue-0,cell-0,2.456,2.456,2.564,0.0,0.0,52.81249999999999,31.664891,-82.161643,-10.792084,6,8.936384,86.363127,53.025373,NS3_5G_LENA,,,
2026-09-28 12:14:19.960309+00:00,ue-1,cell-0,2.456,2.456,2.493,0.0,0.0,52.81249999999999,31.253387,-94.940055,-10.796954,6,1.125005,-43.114613,80.625113,NS3_5G_LENA,,,
2026-09-28 12:14:19.960309+00:00,ue-2,cell-0,2.456,2.456,2.421,0.0,0.0,52.81249999999999,54.709106,-77.40685,-10.791903,6,1.339407,-49.911258,-12.98586,NS3_5G_LENA,,,
2026-09-28 12:14:19.960309+00:00,ue-3,cell-0,2.456,2.456,3.064,1.4,0.0,52.81249999999999,20.726237,-105.866636,-10.855037,6,7.451667,67.887425,14.664433,NS3_5G_LENA,,,
2026-09-28 12:14:19.960309+00:00,ue-4,cell-0,2.456,2.456,2.6670000000000003,0.777,0.0,52.81249999999999,25.065778,-78.518664,-10.79193,6,1.371391,13.72948,8.464482,NS3_5G_LENA,,,
2026-09-28 12:14:19.960309+00:00,ue-5,cell-0,2.456,2.456,2.2070000000000003,0.0,0.0,52.81249999999999,24.763155,-116.839044,-11.523295,6,8.16344,-97.568673,2.55961,NS3_5G_LENA,,,
2026-09-28 12:14:20.060309+00:00,ue-0,cell-0,2.456,2.456,2.564,0.0,0.0,51.869200000000006,31.659155,-82.161643,-10.792084,6,8.936384,87.182475,53.382105,NS3_5G_LENA,,,
2026-09-28 12:14:20.060309+00:00,ue-1,cell-0,2.456,2.456,2.493,0.0,0.0,51.869200000000006,33.169215,-94.940055,-10.796954,6,1.125005,-43.074445,80.730198,NS3_5G_LENA,,,
2026-09-28 12:14:20.060309+00:00,ue-2,cell-0,2.456,2.456,2.421,0.0,0.0,51.869200000000006,53.996844,-77.40685,-10.791903,6,1.339407,-49.797094,-12.915813,NS3_5G_LENA,,,
2026-09-28 12:14:20.060309+00:00,ue-3,cell-0,2.35776,2.456,3.136,1.542,0.0,51.869200000000006,20.143528,-105.866636,-10.855037,6,7.451667,67.624417,15.361642,NS3_5G_LENA,,,
2026-09-28 12:14:20.060309+00:00,ue-4,cell-0,2.456,2.456,2.7439999999999998,0.897,0.0,51.869200000000006,25.441764,-78.518664,-10.79193,6,1.371391,13.5951,8.437112,NS3_5G_LENA,,,
2026-09-28 12:14:20.060309+00:00,ue-5,cell-0,2.456,2.456,2.2070000000000003,0.0,0.0,51.869200000000006,25.873104,-116.839044,-11.523295,6,8.16344,-98.383956,2.517996,NS3_5G_LENA,,,
2026-09-28 12:14:20.160309+00:00,ue-0,cell-0,2.456,2.456,2.564,0.0,0.0,53.0327,34.080861,-80.706556,-10.792007,6,8.936384,88.001824,53.738838,NS3_5G_LENA,,,
2026-09-28 12:14:20.160309+00:00,ue-1,cell-0,2.456,2.456,2.493,0.0,0.0,53.0327,32.69979,-94.864166,-10.796865,6,1.125005,-43.034277,80.835283,NS3_5G_LENA,,,
2026-09-28 12:14:20.160309+00:00,ue-2,cell-0,2.456,2.456,2.421,0.0,0.0,53.0327,53.671005,-78.704551,-10.791935,6,1.339407,-49.682929,-12.845765,NS3_5G_LENA,,,
2026-09-28 12:14:20.160309+00:00,ue-3,cell-0,2.55424,2.456,3.178,1.371,0.0,53.0327,18.368735,-105.731539,-10.853114,6,7.451667,67.361409,16.058851,NS3_5G_LENA,,,
2026-09-28 12:14:20.160309+00:00,ue-4,cell-0,2.456,2.456,2.59,0.623,0.0,53.0327,24.425098,-78.401716,-10.791927,6,1.371391,13.46072,8.409741,NS3_5G_LENA,,,
2026-09-28 12:14:20.160309+00:00,ue-5,cell-0,2.456,2.456,2.2070000000000003,0.0,0.0,53.0327,26.719746,-115.164617,-11.302399,6,8.16344,-99.199239,2.476382,NS3_5G_LENA,,,
2026-09-28 12:14:20.260309+00:00,ue-0,cell-0,2.456,2.456,2.564,0.0,0.0,52.4845,34.271379,-80.706556,-10.792007,6,8.936384,88.821172,54.09557,NS3_5G_LENA,,,
2026-09-28 12:14:20.260309+00:00,ue-1,cell-0,2.456,2.456,2.493,0.0,0.0,52.4845,31.172172,-94.864166,-10.796865,6,1.125005,-42.994109,80.940368,NS3_5G_LENA,,,
2026-09-28 12:14:20.260309+00:00,ue-2,cell-0,2.456,2.456,2.421,0.0,0.0,52.4845,53.039834,-78.704551,-10.791935,6,1.339407,-49.568765,-12.775718,NS3_5G_LENA,,,
2026-09-28 12:14:20.260309+00:00,ue-3,cell-0,2.456,2.456,3.227,1.321,0.0,52.4845,19.029472,-105.731539,-10.853114,6,7.451667,67.098401,16.75606,NS3_5G_LENA,,,
2026-09-28 12:14:20.260309+00:00,ue-4,cell-0,2.456,2.456,2.473,0.389,0.0,52.4845,24.566874,-78.401716,-10.791927,6,1.371391,13.32634,8.382371,NS3_5G_LENA,,,
2026-09-28 12:14:20.260309+00:00,ue-5,cell-0,2.456,2.456,2.2070000000000003,0.0,0.0,52.4845,25.963003,-115.164617,-11.302399,6,8.16344,-99.985479,2.434769,NS3_5G_LENA,,,
2026-09-28 12:14:20.360309+00:00,ue-0,cell-0,2.456,2.456,2.564,0.0,0.0,53.0516,36.336475,-77.264726,-10.7919,6,8.936384,89.64052,54.452302,NS3_5G_LENA,,,
2026-09-28 12:14:20.360309+00:00,ue-1,cell-0,2.456,2.456,2.493,0.0,0.0,53.0516,32.490845,-95.194913,-10.797265,6,1.125005,-42.953941,81.045453,NS3_5G_LENA,,,
2026-09-28 12:14:20.360309+00:00,ue-2,cell-0,2.456,2.456,2.421,0.0,0.0,53.0516,53.471349,-79.038404,-10.791945,6,1.339407,-49.454601,-12.705671,NS3_5G_LENA,,,
2026-09-28 12:14:20.360309+00:00,ue-3,cell-0,2.35776,2.456,3.17,1.46,0.0,53.0516,19.933118,-105.505371,-10.850024,6,7.451667,66.835393,17.453269,NS3_5G_LENA,,,
2026-09-28 12:14:20.360309+00:00,ue-4,cell-0,2.456,2.456,2.59,0.623,0.0,53.0516,24.739161,-77.67573,-10.791909,6,1.371391,13.191959,8.355,NS3_5G_LENA,,,
2026-09-28 12:14:20.360309+00:00,ue-5,cell-0,2.456,2.456,2.2070000000000003,0.0,0.0,53.0516,25.760589,-115.247228,-11.31164,6,8.16344,-99.170196,2.393155,NS3_5G_LENA,,,
2026-09-28 12:14:20.460309+00:00,ue-0,cell-0,2.456,2.456,2.564,0.0,0.0,51.944,36.440073,-77.264726,-10.7919,6,8.936384,90.459869,54.809034,NS3_5G_LENA,,,
2026-09-28 12:14:20.460309+00:00,ue-1,cell-0,2.456,2.456,2.493,0.0,0.0,51.944,33.306571,-95.194913,-10.797265,6,1.125005,-42.913773,81.150538,NS3_5G_LENA,,,
2026-09-28 12:14:20.460309+00:00,ue-2,cell-0,2.456,2.456,2.421,0.0,0.0,51.944,53.084293,-79.038404,-10.791945,6,1.339407,-49.340437,-12.635624,NS3_5G_LENA,,,
2026-09-28 12:14:20.460309+00:00,ue-3,cell-0,2.55424,2.456,3.134,1.489,0.0,51.944,18.778359,-105.505371,-10.850024,6,7.451667,66.572386,18.150478,NS3_5G_LENA,,,
2026-09-28 12:14:20.460309+00:00,ue-4,cell-0,2.456,2.456,2.59,0.623,0.0,51.944,24.696727,-77.67573,-10.791909,6,1.371391,13.057579,8.32763,NS3_5G_LENA,,,
2026-09-28 12:14:20.460309+00:00,ue-5,cell-0,2.456,2.456,2.2070000000000003,0.0,0.0,51.944,26.436384,-115.247228,-11.31164,6,8.16344,-98.354913,2.351541,NS3_5G_LENA,,,
2026-09-28 12:14:20.560309+00:00,ue-0,cell-0,2.456,2.456,2.564,0.0,0.0,52.969500000000004,36.042009,-74.648365,-10.791861,6,8.936384,91.279217,55.165766,NS3_5G_LENA,,,
2026-09-28 12:14:20.560309+00:00,ue-1,cell-0,2.456,2.456,2.493,0.0,0.0,52.969500000000004,32.640207,-94.52713,-10.796488,6,1.125005,-42.873605,81.255624,NS3_5G_LENA,,,
2026-09-28 12:14:20.560309+00:00,ue-2,cell-0,2.456,2.456,2.421,0.0,0.0,52.969500000000004,53.19502,-79.198111,-10.79195,6,1.339407,-49.226272,-12.565576,NS3_5G_LENA,,,
2026-09-28 12:14:20.560309+00:00,ue-3,cell-0,2.35776,2.456,2.932,1.11,0.0,52.969500000000004,20.553092,-105.238976,-10.846582,6,7.451667,66.309378,18.847687,NS3_5G_LENA,,,
2026-09-28 12:14:20.560309+00:00,ue-4,cell-0,2.456,2.456,2.356,0.154,0.0,52.969500000000004,25.163968,-76.32317,-10.791883,6,1.371391,12.923199,8.30026,NS3_5G_LENA,,,
2026-09-28 12:14:20.560309+00:00,ue-5,cell-0,2.456,2.456,2.2070000000000003,0.0,0.0,52.969500000000004,24.072042,-116.423712,-11.461459,6,8.16344,-97.539631,2.309928,NS3_5G_LENA,,,
2026-09-28 12:14:20.660309+00:00,ue-0,cell-0,2.456,2.456,2.564,0.0,0.0,52.16,36.712814,-74.648365,-10.791861,6,8.936384,92.098565,55.522499,NS3_5G_LENA,,,
2026-09-28 12:14:20.660309+00:00,ue-1,cell-0,2.456,2.456,2.493,0.0,0.0,52.16,32.39809,-94.52713,-10.796488,6,1.125005,-42.833437,81.360709,NS3_5G_LENA,,,
2026-09-28 12:14:20.660309+00:00,ue-2,cell-0,2.456,2.456,2.421,0.0,0.0,52.16,52.813026,-79.198111,-10.79195,6,1.339407,-49.112108,-12.495529,NS3_5G_LENA,,,
2026-09-28 12:14:20.660309+00:00,ue-3,cell-0,2.55424,2.456,2.912,1.049,0.0,52.16,19.740222,-105.238976,-10.846582,6,7.451667,66.04637,19.544896,NS3_5G_LENA,,,
2026-09-28 12:14:20.660309+00:00,ue-4,cell-0,2.456,2.456,2.376,0.194,0.0,52.16,23.820331,-76.32317,-10.791883,6,1.371391,12.788819,8.272889,NS3_5G_LENA,,,
2026-09-28 12:14:20.660309+00:00,ue-5,cell-0,2.456,2.456,2.2070000000000003,0.0,0.0,52.16,23.942564,-116.423712,-11.461459,6,8.16344,-96.724348,2.268314,NS3_5G_LENA,,,
2026-09-28 12:14:20.760309+00:00,ue-0,cell-0,2.456,2.456,2.564,0.0,0.0,53.3858,39.553791,-73.405842,-10.791849,6,8.936384,92.917914,55.879231,NS3_5G_LENA,,,
2026-09-28 12:14:20.760309+00:00,ue-1,cell-0,2.456,2.456,2.493,0.0,0.0,53.3858,33.196395,-94.139328,-10.796089,6,1.125005,-42.793268,81.465794,NS3_5G_LENA,,,
2026-09-28 12:14:20.760309+00:00,ue-2,cell-0,2.456,2.456,2.421,0.0,0.0,53.3858,52.431849,-79.420384,-10.791957,6,1.339407,-48.997944,-12.425482,NS3_5G_LENA,,,
2026-09-28 12:14:20.760309+00:00,ue-3,cell-0,2.456,2.456,3.1740000000000004,1.379,0.0,53.3858,18.007736,-106.523368,-10.865272,6,7.451667,65.783362,20.242105,NS3_5G_LENA,,,
2026-09-28 12:14:20.760309+00:00,ue-4,cell-0,2.456,2.456,2.2790000000000004,0.0,0.0,53.3858,23.750914,-76.110399,-10.79188,6,1.371391,12.654439,8.245519,NS3_5G_LENA,,,
2026-09-28 12:14:20.760309+00:00,ue-5,cell-0,2.456,2.456,2.2070000000000003,0.0,0.0,53.3858,22.78366,-117.698451,-11.668163,6,8.16344,-95.909065,2.2267,NS3_5G_LENA,,,
2026-09-28 12:14:20.860309+00:00,ue-0,cell-0,2.456,2.456,2.564,0.0,0.0,52.623200000000004,40.953922,-73.405842,-10.791849,6,8.936384,93.737262,56.235963,NS3_5G_LENA,,,
2026-09-28 12:14:20.860309+00:00,ue-1,cell-0,2.456,2.456,2.493,0.0,0.0,52.623200000000004,33.629408,-94.139328,-10.796089,6,1.125005,-42.7531,81.570879,NS3_5G_LENA,,,
2026-09-28 12:14:20.860309+00:00,ue-2,cell-0,2.456,2.456,2.421,0.0,0.0,52.623200000000004,52.259503,-79.420384,-10.791957,6,1.339407,-48.883779,-12.355435,NS3_5G_LENA,,,
2026-09-28 12:14:20.860309+00:00,ue-3,cell-0,2.456,2.456,2.823,0.74,0.0,52.623200000000004,18.59039,-106.523368,-10.865272,6,7.451667,65.520354,20.939313,NS3_5G_LENA,,,
2026-09-28 12:14:20.860309+00:00,ue-4,cell-0,2.456,2.456,2.453,0.34900000000000003,0.0,52.623200000000004,22.082107,-76.110399,-10.79188,6,1.371391,12.520059,8.218148,NS3_5G_LENA,,,
2026-09-28 12:14:20.860309+00:00,ue-5,cell-0,2.456,2.456,2.2070000000000003,0.0,0.0,52.623200000000004,22.311559,-117.698451,-11.668163,6,8.16344,-95.093783,2.185087,NS3_5G_LENA,,,
2026-09-28 12:14:20.960309+00:00,ue-0,cell-0,2.456,2.456,2.564,0.0,0.0,52.998400000000004,41.311508,-70.884796,-10.791833,6,8.936384,94.55661,56.592695,NS3_5G_LENA,,,
2026-09-28 12:14:20.960309+00:00,ue-1,cell-0,2.456,2.456,2.493,0.0,0.0,52.998400000000004,32.170642,-93.92946,-10.795887,6,1.125005,-42.712932,81.675964,NS3_5G_LENA,,,
2026-09-28 12:14:20.960309+00:00,ue-2,cell-0,2.456,2.456,2.421,0.0,0.0,52.998400000000004,52.543842,-79.638716,-10.791964,6,1.339407,-48.769615,-12.285387,NS3_5G_LENA,,,
2026-09-28 12:14:20.960309+00:00,ue-3,cell-0,2.456,2.456,2.7399999999999998,0.767,0.0,52.998400000000004,20.497573,-107.287635,-10.879265,6,7.451667,65.257346,21.636522,NS3_5G_LENA,,,
2026-09-28 12:14:20.960309+00:00,ue-4,cell-0,2.456,2.456,2.396,0.23399999999999999,0.0,52.998400000000004,21.489552,-76.509071,-10.791886,6,1.371391,12.385679,8.190778,NS3_5G_LENA,,,
2026-09-28 12:14:20.960309+00:00,ue-5,cell-0,2.456,2.456,2.2070000000000003,0.0,0.0,52.998400000000004,22.574778,-118.547748,-11.836274,6,8.16344,-94.2785,2.143473,NS3_5G_LENA,,,
2026-09-28 12:14:21.060309+00:00,ue-0,cell-0,2.456,2.456,2.564,0.0,0.0,51.9868,40.478015,-70.884796,-10.791833,6,1.306711,94.663265,56.505642,NS3_5G_LENA,,,
2026-09-28 12:14:21.060309+00:00,ue-1,cell-0,2.456,2.456,2.493,0.0,0.0,51.9868,31.019473,-93.92946,-10.795887,6,1.125005,-42.672764,81.781049,NS3_5G_LENA,,,
2026-09-28 12:14:21.060309+00:00,ue-2,cell-0,2.456,2.456,2.421,0.0,0.0,51.9868,52.212418,-79.638716,-10.791964,6,1.339407,-48.655451,-12.21534,NS3_5G_LENA,,,
2026-09-28 12:14:21.060309+00:00,ue-3,cell-0,2.456,2.456,2.444,0.189,0.0,51.9868,20.892445,-107.287635,-10.879265,6,7.451667,64.994339,22.333731,NS3_5G_LENA,,,
2026-09-28 12:14:21.060309+00:00,ue-4,cell-0,2.456,2.456,2.2790000000000004,0.0,0.0,51.9868,20.334903,-76.509071,-10.791886,6,1.371391,12.251299,8.163407,NS3_5G_LENA,,,
2026-09-28 12:14:21.060309+00:00,ue-5,cell-0,2.456,2.456,2.2070000000000003,0.0,0.0,51.9868,22.187578,-118.547748,-11.836274,6,8.16344,-93.463217,2.101859,NS3_5G_LENA,,,
2026-09-28 12:14:21.160309+00:00,ue-0,cell-0,2.456,2.456,2.564,0.0,0.0,53.0081,39.366193,-70.043105,-10.791829,6,1.306711,94.723493,56.389678,NS3_5G_LENA,,,
2026-09-28 12:14:21.160309+00:00,ue-1,cell-0,2.456,2.456,2.493,0.0,0.0,53.0081,32.034724,-95.205624,-10.797279,6,1.125005,-42.632596,81.886135,NS3_5G_LENA,,,
2026-09-28 12:14:21.160309+00:00,ue-2,cell-0,2.456,2.456,2.421,0.0,0.0,53.0081,52.346755,-79.879024,-10.791973,6,1.339407,-48.541286,-12.145293,NS3_5G_LENA,,,
2026-09-28 12:14:21.160309+00:00,ue-3,cell-0,2.456,2.456,2.519,0.337,0.0,53.0081,20.140121,-106.569689,-10.866053,6,7.451667,64.731331,23.03094,NS3_5G_LENA,,,
2026-09-28 12:14:21.160309+00:00,ue-4,cell-0,2.456,2.456,2.371,0.154,0.0,53.0081,19.507066,-77.087039,-10.791897,6,1.371391,12.116919,8.136037,NS3_5G_LENA,,,
2026-09-28 12:14:21.160309+00:00,ue-5,cell-0,2.456,2.456,2.407,0.2,0.0,53.0081,21.670387,-118.859537,-11.904829,6,8.16344,-92.647934,2.060246,NS3_5G_LENA,,,
2026-09-28 12:14:21.260309+00:00,ue-0,cell-0,2.456,2.456,2.564,0.0,0.0,52.195100000000004,39.373458,-70.043105,-10.791829,6,1.306711,94.78372,56.273714,NS3_5G_LENA,,,
2026-09-28 12:14:21.260309+00:00,ue-1,cell-0,2.456,2.456,2.493,0.0,0.0,52.195100000000004,32.67915,-95.205624,-10.797279,6,1.125005,-42.592428,81.99122,NS3_5G_LENA,,,
2026-09-28 12:14:21.260309+00:00,ue-2,cell-0,2.456,2.456,2.421,0.0,0.0,52.195100000000004,52.25452,-79.879024,-10.791973,6,1.339407,-48.427122,-12.075246,NS3_5G_LENA,,,
2026-09-28 12:14:21.260309+00:00,ue-3,cell-0,2.456,2.456,2.4699999999999998,0.24000000000000002,0.0,52.195100000000004,20.079084,-106.569689,-10.866053,6,7.451667,64.468323,23.728149,NS3_5G_LENA,,,
2026-09-28 12:14:21.260309+00:00,ue-4,cell-0,2.456,2.456,2.391,0.194,0.0,52.195100000000004,18.970054,-77.087039,-10.791897,6,1.371391,11.982539,8.108666,NS3_5G_LENA,,,
2026-09-28 12:14:21.260309+00:00,ue-5,cell-0,2.456,2.456,2.467,0.5199999999999999,0.0,52.195100000000004,21.967456,-118.859537,-11.904829,6,8.16344,-91.832652,2.018632,NS3_5G_LENA,,,
2026-09-28 12:14:21.360309+00:00,ue-0,cell-0,2.456,2.456,2.564,0.0,0.0,54.400000000000006,37.857733,-70.713479,-10.791832,6,1.306711,94.843948,56.157751,NS3_5G_LENA,,,
2026-09-28 12:14:21.360309+00:00,ue-1,cell-0,2.456,2.456,2.493,0.0,0.0,54.400000000000006,30.805997,-95.19931,-10.797271,6,1.125005,-42.55226,82.096305,NS3_5G_LENA,,,
2026-09-28 12:14:21.360309+00:00,ue-2,cell-0,2.456,2.456,2.421,0.0,0.0,54.400000000000006,52.34176,-79.77725,-10.791969,6,1.339407,-48.312958,-12.005199,NS3_5G_LENA,,,
2026-09-28 12:14:21.360309+00:00,ue-3,cell-0,2.456,2.456,2.484,0.189,0.0,54.400000000000006,19.87632,-107.245003,-10.878419,6,7.451667,64.205315,24.425358,NS3_5G_LENA,,,
2026-09-28 12:14:21.360309+00:00,ue-4,cell-0,2.456,2.456,2.5300000000000002,0.047,0.0,54.400000000000006,18.2426,-76.959898,-10.791894,6,1.371391,11.848159,8.081296,NS3_5G_LENA,,,
2026-09-28 12:14:21.360309+00:00,ue-5,cell-0,2.456,2.456,2.307,0.2,0.0,54.400000000000006,22.931291,-119.20535,-11.985453,6,8.16344,-91.017369,1.977018,NS3_5G_LENA,,,
2026-09-28 12:14:21.460309+00:00,ue-0,cell-0,2.456,2.456,2.564,0.0,0.0,53.565799999999996,38.849663,-70.713479,-10.791832,6,1.306711,94.904175,56.041787,NS3_5G_LENA,,,
2026-09-28 12:14:21.460309+00:00,ue-1,cell-0,2.456,2.456,2.493,0.0,0.0,53.565799999999996,31.484524,-95.19931,-10.797271,6,1.125005,-42.512092,82.20139,NS3_5G_LENA,,,
2026-09-28 12:14:21.460309+00:00,ue-2,cell-0,2.456,2.456,2.421,0.0,0.0,53.565799999999996,51.945381,-79.77725,-10.791969,6,1.339407,-48.198793,-11.935151,NS3_5G_LENA,,,
2026-09-28 12:14:21.460309+00:00,ue-3,cell-0,2.456,2.456,2.444,0.189,0.0,53.565799999999996,20.300337,-107.245003,-10.878419,6,7.451667,63.942307,25.122567,NS3_5G_LENA,,,
2026-09-28 12:14:21.460309+00:00,ue-4,cell-0,2.456,2.456,2.7439999999999998,0.23399999999999999,0.0,53.565799999999996,17.076359,-76.959898,-10.791894,6,1.371391,11.713779,8.053925,NS3_5G_LENA,,,
2026-09-28 12:14:21.460309+00:00,ue-5,cell-0,2.456,2.456,2.2070000000000003,0.0,0.0,53.565799999999996,21.877356,-119.20535,-11.985453,6,8.16344,-90.202086,1.935405,NS3_5G_LENA,,,
2026-09-28 12:14:21.560309+00:00,ue-0,cell-0,2.456,2.456,2.564,0.0,0.0,53.0139,37.939519,-71.052918,-10.791833,6,1.306711,94.964403,55.925823,NS3_5G_LENA,,,
2026-09-28 12:14:21.560309+00:00,ue-1,cell-0,2.456,2.456,2.493,0.0,0.0,53.0139,32.697415,-95.103452,-10.797152,6,1.125005,-42.471924,82.306475,NS3_5G_LENA,,,
2026-09-28 12:14:21.560309+00:00,ue-2,cell-0,2.456,2.456,2.421,0.0,0.0,53.0139,51.724522,-79.764693,-10.791969,6,1.339407,-48.084629,-11.865104,NS3_5G_LENA,,,
2026-09-28 12:14:21.560309+00:00,ue-3,cell-0,2.456,2.456,2.35,0.0,0.0,53.0139,19.909662,-106.903467,-10.871929,6,7.451667,63.679299,25.819776,NS3_5G_LENA,,,
2026-09-28 12:14:21.560309+00:00,ue-4,cell-0,2.456,2.456,2.7030000000000003,0.004,0.0,53.0139,16.613826,-77.255228,-10.7919,6,1.371391,11.579399,8.026555,NS3_5G_LENA,,,
2026-09-28 12:14:21.560309+00:00,ue-5,cell-0,2.456,2.456,2.2070000000000003,0.0,0.0,53.0139,22.71024,-118.780683,-11.887127,6,8.16344,-89.386804,1.893791,NS3_5G_LENA,,,
2026-09-28 12:14:21.660309+00:00,ue-0,cell-0,2.456,2.456,2.564,0.0,0.0,52.5602,37.425351,-71.052918,-10.791833,6,1.306711,95.02463,55.80986,NS3_5G_LENA,,,
2026-09-28 12:14:21.660309+00:00,ue-1,cell-0,2.456,2.456,2.493,0.0,0.0,52.5602,31.695441,-95.103452,-10.797152,6,1.125005,-42.431755,82.41156,NS3_5G_LENA,,,
2026-09-28 12:14:21.660309+00:00,ue-2,cell-0,2.456,2.456,2.421,0.0,0.0,52.5602,52.386115,-79.764693,-10.791969,6,1.339407,-47.970465,-11.795057,NS3_5G_LENA,,,
2026-09-28 12:14:21.660309+00:00,ue-3,cell-0,2.456,2.456,2.601,0.17300000000000001,0.0,52.5602,19.069776,-106.903467,-10.871929,6,7.451667,63.416292,26.516985,NS3_5G_LENA,,,
2026-09-28 12:14:21.660309+00:00,ue-4,cell-0,2.456,2.456,2.7070000000000003,0.0,0.0,52.5602,16.270879,-77.255228,-10.7919,6,1.371391,11.445019,7.999185,NS3_5G_LENA,,,
2026-09-28 12:14:21.660309+00:00,ue-5,cell-0,2.456,2.456,2.2070000000000003,0.0,0.0,52.5602,22.541537,-118.780683,-11.887127,6,8.16344,-88.571521,1.852177,NS3_5G_LENA,,,
